gt,clock,s1,s2,lead,tno,period,periodType,pno,player,success,actionType,actionNumber,previousAction,qualifier,subType,scoring,shirtNumber,firstName,familyName,internationalFirstName,internationalFamilyName,firstNameInitial,familyNameInitial,internationalFirstNameInitial,internationalFamilyNameInitial,scoreboardName
00:00,00:00:00,71,93,-22,0,4,REGULAR,0,,1,game,802,,,end,0,,NA,NA,NA,NA,NA,NA,NA,NA,NA
00:00,00:00:00,71,93,-22,0,4,REGULAR,0,,1,period,801,,,end,0,,NA,NA,NA,NA,NA,NA,NA,NA,NA
00:06,00:06:60,71,93,-22,2,4,REGULAR,0,,1,turnover,797,,,24sec,0,,NA,NA,NA,NA,NA,NA,NA,NA,NA
00:32,00:32:90,71,93,-22,2,4,REGULAR,3,N. Torres,1,rebound,794,792,,defensive,0,29,Norbert,Torres,Norbert,Torres,N,T,N,T,N. Torres
00:32,00:32:90,71,93,-22,1,4,REGULAR,12,J. Malonzo,0,freethrow,792,,,2of2,1,3,Jamie,Malonzo,Jamie,Malonzo,J,M,J,M,J. Malonzo
00:32,00:32:90,71,93,-22,1,4,REGULAR,12,J. Malonzo,1,freethrow,791,,,1of2,1,3,Jamie,Malonzo,Jamie,Malonzo,J,M,J,M,J. Malonzo
00:32,00:32:90,70,93,-23,1,4,REGULAR,12,J. Malonzo,1,foulon,790,789,,,0,3,Jamie,Malonzo,Jamie,Malonzo,J,M,J,M,J. Malonzo
00:32,00:32:90,70,93,-23,2,4,REGULAR,15,J. Clarito,1,foul,789,,,personal,0,22,Jhonard,Clarito,Jhonard,Clarito,J,C,J,C,J. Clarito
00:35,00:35:40,70,93,-23,1,4,REGULAR,12,J. Malonzo,1,rebound,786,785,,defensive,0,3,Jamie,Malonzo,Jamie,Malonzo,J,M,J,M,J. Malonzo
00:37,00:37:70,70,93,-23,2,4,REGULAR,15,J. Clarito,0,3pt,785,,,jumpshot,1,22,Jhonard,Clarito,Jhonard,Clarito,J,C,J,C,J. Clarito
00:52,00:52:00,70,93,-23,1,4,REGULAR,1,L. Tenorio,1,assist,783,782,,,0,5,Lewis Alfred,Tenorio,Lewis Alfred,Tenorio,L,T,L,T,L. Tenorio
00:52,00:52:00,70,93,-23,1,4,REGULAR,5,N. Pinto,1,3pt,782,,,jumpshot,1,17,Nard John,Pinto,Nard John,Pinto,N,P,N,P,N. Pinto
01:05,01:05:00,67,93,-26,2,4,REGULAR,11,M. Nieto,1,assist,780,777,,,0,7,Mike,Nieto,Mike,Nieto,M,N,M,N,M. Nieto
01:05,01:05:00,67,93,-26,2,4,REGULAR,14,S. Ildefonso,1,3pt,777,,,jumpshot,1,10,Shaun,Ildefonso,Shaun,Ildefonso,S,I,S,I,S. Ildefonso
01:18,01:18:00,67,90,-23,1,4,REGULAR,8,J. Brownlee,1,freethrow,775,,,2of2,1,32,Justin,Brownlee,Justin,Brownlee,J,B,J,B,J. Brownlee
01:18,01:18:00,66,90,-24,2,4,REGULAR,4,R. Nambatac,1,substitution,773,,,out,0,27,Rey,Nambatac,Rey,Nambatac,R,N,R,N,R. Nambatac
01:18,01:18:00,66,90,-24,2,4,REGULAR,15,J. Clarito,1,substitution,774,,,in,0,22,Jhonard,Clarito,Jhonard,Clarito,J,C,J,C,J. Clarito
01:18,01:18:00,66,90,-24,1,4,REGULAR,8,J. Brownlee,1,freethrow,772,,,1of2,1,32,Justin,Brownlee,Justin,Brownlee,J,B,J,B,J. Brownlee
01:18,01:18:00,65,90,-25,1,4,REGULAR,8,J. Brownlee,1,foulon,771,770,,,0,32,Justin,Brownlee,Justin,Brownlee,J,B,J,B,J. Brownlee
01:18,01:18:00,65,90,-25,2,4,REGULAR,3,N. Torres,1,foul,770,,,personal,0,29,Norbert,Torres,Norbert,Torres,N,T,N,T,N. Torres
01:19,01:19:00,65,90,-25,1,4,REGULAR,8,J. Brownlee,1,rebound,768,765,,defensive,0,32,Justin,Brownlee,Justin,Brownlee,J,B,J,B,J. Brownlee
01:20,01:20:00,65,90,-25,2,4,REGULAR,14,S. Ildefonso,0,3pt,765,,,jumpshot,1,10,Shaun,Ildefonso,Shaun,Ildefonso,S,I,S,I,S. Ildefonso
01:33,01:33:00,65,90,-25,1,4,REGULAR,12,J. Malonzo,1,assist,763,761,,,0,3,Jamie,Malonzo,Jamie,Malonzo,J,M,J,M,J. Malonzo
01:33,01:33:00,65,90,-25,1,4,REGULAR,5,N. Pinto,1,3pt,761,,,jumpshot,1,17,Nard John,Pinto,Nard John,Pinto,N,P,N,P,N. Pinto
01:42,01:42:00,62,90,-28,1,4,REGULAR,1,L. Tenorio,1,rebound,760,759,,defensive,0,5,Lewis Alfred,Tenorio,Lewis Alfred,Tenorio,L,T,L,T,L. Tenorio
01:44,01:44:00,62,90,-28,2,4,REGULAR,11,M. Nieto,0,2pt,759,,,jumpshot,1,7,Mike,Nieto,Mike,Nieto,M,N,M,N,M. Nieto
02:02,02:02:00,62,90,-28,2,4,REGULAR,14,S. Ildefonso,1,rebound,758,757,,defensive,0,10,Shaun,Ildefonso,Shaun,Ildefonso,S,I,S,I,S. Ildefonso
02:05,02:05:00,62,90,-28,1,4,REGULAR,8,J. Brownlee,0,3pt,757,,,jumpshot,1,32,Justin,Brownlee,Justin,Brownlee,J,B,J,B,J. Brownlee
02:10,02:10:00,62,90,-28,1,4,REGULAR,13,A. Mariano,1,rebound,756,755,,offensive,0,31,Aljon,Mariano,Aljon,Mariano,A,M,A,M,A. Mariano
02:12,02:12:00,62,90,-28,1,4,REGULAR,5,N. Pinto,0,3pt,755,,,jumpshot,1,17,Nard John,Pinto,Nard John,Pinto,N,P,N,P,N. Pinto
02:20,02:20:00,62,90,-28,1,4,REGULAR,12,J. Malonzo,1,rebound,754,753,,defensive,0,3,Jamie,Malonzo,Jamie,Malonzo,J,M,J,M,J. Malonzo
02:23,02:23:00,62,90,-28,2,4,REGULAR,11,M. Nieto,0,3pt,753,,,jumpshot,1,7,Mike,Nieto,Mike,Nieto,M,N,M,N,M. Nieto
02:38,02:38:00,62,90,-28,1,4,REGULAR,8,J. Brownlee,1,2pt,752,,,layup,1,32,Justin,Brownlee,Justin,Brownlee,J,B,J,B,J. Brownlee
02:38,02:38:00,60,90,-30,1,4,REGULAR,8,J. Brownlee,1,rebound,751,750,,offensive,0,32,Justin,Brownlee,Justin,Brownlee,J,B,J,B,J. Brownlee
02:42,02:42:00,60,90,-30,1,4,REGULAR,13,A. Mariano,0,2pt,750,,,jumpshot,1,31,Aljon,Mariano,Aljon,Mariano,A,M,A,M,A. Mariano
02:56,02:56:00,60,90,-30,2,4,REGULAR,14,S. Ildefonso,1,assist,749,748,,,0,10,Shaun,Ildefonso,Shaun,Ildefonso,S,I,S,I,S. Ildefonso
02:56,02:56:00,60,90,-30,2,4,REGULAR,11,M. Nieto,1,3pt,748,,,jumpshot,1,7,Mike,Nieto,Mike,Nieto,M,N,M,N,M. Nieto
03:17,03:17:00,60,87,-27,1,4,REGULAR,5,N. Pinto,1,assist,747,746,,,0,17,Nard John,Pinto,Nard John,Pinto,N,P,N,P,N. Pinto
03:17,03:17:00,60,87,-27,1,4,REGULAR,12,J. Malonzo,1,3pt,746,,,jumpshot,1,3,Jamie,Malonzo,Jamie,Malonzo,J,M,J,M,J. Malonzo
03:31,03:31:00,57,87,-30,1,4,REGULAR,0,,1,rebound,744,742,,defensive,0,,NA,NA,NA,NA,NA,NA,NA,NA,NA
03:32,03:32:00,57,87,-30,2,4,REGULAR,11,M. Nieto,0,2pt,742,,,drivinglayup,1,7,Mike,Nieto,Mike,Nieto,M,N,M,N,M. Nieto
03:36,03:36:00,57,87,-30,2,4,REGULAR,11,M. Nieto,1,rebound,741,740,,offensive,0,7,Mike,Nieto,Mike,Nieto,M,N,M,N,M. Nieto
03:38,03:38:00,57,87,-30,2,4,REGULAR,14,S. Ildefonso,0,3pt,740,,,jumpshot,1,10,Shaun,Ildefonso,Shaun,Ildefonso,S,I,S,I,S. Ildefonso
03:57,03:57:00,57,87,-30,1,4,REGULAR,12,J. Malonzo,1,assist,739,738,,,0,3,Jamie,Malonzo,Jamie,Malonzo,J,M,J,M,J. Malonzo
03:57,03:57:00,57,87,-30,1,4,REGULAR,8,J. Brownlee,1,2pt,738,,,fadeaway,1,32,Justin,Brownlee,Justin,Brownlee,J,B,J,B,J. Brownlee
04:00,04:00:00,55,87,-32,2,4,REGULAR,16,S. Taylor Jr.,1,substitution,735,,,out,0,23,Steve,Taylor Jr.,Steve,Taylor Jr.,S,T,S,T,S. Taylor Jr.
04:00,04:00:00,55,87,-32,2,4,REGULAR,12,B. Guinto,1,substitution,736,,,in,0,2,Bradwyn,Guinto,Bradwyn,Guinto,B,G,B,G,B. Guinto
04:00,04:00:00,55,87,-32,2,4,REGULAR,5,G. Norwood,1,substitution,733,,,out,0,5,Gabe,Norwood,Gabe,Norwood,G,N,G,N,G. Norwood
04:00,04:00:00,55,87,-32,2,4,REGULAR,14,S. Ildefonso,1,substitution,734,,,in,0,10,Shaun,Ildefonso,Shaun,Ildefonso,S,I,S,I,S. Ildefonso
04:00,04:00:00,55,87,-32,1,4,REGULAR,0,,1,rebound,732,730,,offensive,0,,NA,NA,NA,NA,NA,NA,NA,NA,NA
04:01,04:01:00,55,87,-32,1,4,REGULAR,8,J. Brownlee,0,2pt,730,,,jumpshot,1,32,Justin,Brownlee,Justin,Brownlee,J,B,J,B,J. Brownlee
04:17,04:17:00,55,87,-32,2,4,REGULAR,4,R. Nambatac,1,assist,729,728,,,0,27,Rey,Nambatac,Rey,Nambatac,R,N,R,N,R. Nambatac
04:17,04:17:00,55,87,-32,2,4,REGULAR,11,M. Nieto,1,3pt,728,,,jumpshot,1,7,Mike,Nieto,Mike,Nieto,M,N,M,N,M. Nieto
04:39,04:39:00,55,84,-29,2,4,REGULAR,3,N. Torres,1,rebound,727,726,,defensive,0,29,Norbert,Torres,Norbert,Torres,N,T,N,T,N. Torres
04:41,04:41:00,55,84,-29,1,4,REGULAR,8,J. Brownlee,0,3pt,726,,,jumpshot,1,32,Justin,Brownlee,Justin,Brownlee,J,B,J,B,J. Brownlee
04:44,04:44:00,55,84,-29,1,4,REGULAR,8,J. Brownlee,1,rebound,725,724,,offensive,0,32,Justin,Brownlee,Justin,Brownlee,J,B,J,B,J. Brownlee
04:46,04:46:00,55,84,-29,1,4,REGULAR,1,L. Tenorio,0,3pt,724,,,jumpshot,1,5,Lewis Alfred,Tenorio,Lewis Alfred,Tenorio,L,T,L,T,L. Tenorio
04:57,04:57:00,55,84,-29,1,4,REGULAR,0,,1,timeout,722,,,full,0,,NA,NA,NA,NA,NA,NA,NA,NA,NA
04:57,04:57:00,55,84,-29,1,4,REGULAR,12,J. Malonzo,1,foulon,721,720,,,0,3,Jamie,Malonzo,Jamie,Malonzo,J,M,J,M,J. Malonzo
04:57,04:57:00,55,84,-29,2,4,REGULAR,3,N. Torres,1,foul,720,,,personal,0,29,Norbert,Torres,Norbert,Torres,N,T,N,T,N. Torres
04:58,04:58:00,55,84,-29,1,4,REGULAR,12,J. Malonzo,1,rebound,718,716,,offensive,0,3,Jamie,Malonzo,Jamie,Malonzo,J,M,J,M,J. Malonzo
04:58,04:58:00,55,84,-29,1,4,REGULAR,1,L. Tenorio,0,3pt,716,,,jumpshot,1,5,Lewis Alfred,Tenorio,Lewis Alfred,Tenorio,L,T,L,T,L. Tenorio
05:19,05:19:00,55,84,-29,2,4,REGULAR,9,A. Caracut,1,substitution,712,,,out,0,14,Andrei,Caracut,Andrei,Caracut,A,C,A,C,A. Caracut
05:19,05:19:00,55,84,-29,2,4,REGULAR,11,M. Nieto,1,substitution,713,,,in,0,7,Mike,Nieto,Mike,Nieto,M,N,M,N,M. Nieto
05:19,05:19:00,55,84,-29,1,4,REGULAR,1,L. Tenorio,1,foulon,711,710,,,0,5,Lewis Alfred,Tenorio,Lewis Alfred,Tenorio,L,T,L,T,L. Tenorio
05:19,05:19:00,55,84,-29,2,4,REGULAR,9,A. Caracut,1,foul,710,,,personal,0,14,Andrei,Caracut,Andrei,Caracut,A,C,A,C,A. Caracut
05:22,05:22:00,55,84,-29,1,4,REGULAR,13,A. Mariano,1,rebound,708,707,,defensive,0,31,Aljon,Mariano,Aljon,Mariano,A,M,A,M,A. Mariano
05:25,05:25:00,55,84,-29,2,4,REGULAR,3,N. Torres,0,2pt,707,,,drivinglayup,1,29,Norbert,Torres,Norbert,Torres,N,T,N,T,N. Torres
05:38,05:38:00,55,84,-29,2,4,REGULAR,3,N. Torres,1,rebound,706,705,,defensive,0,29,Norbert,Torres,Norbert,Torres,N,T,N,T,N. Torres
05:40,05:40:00,55,84,-29,1,4,REGULAR,13,A. Mariano,0,2pt,705,,,layup,1,31,Aljon,Mariano,Aljon,Mariano,A,M,A,M,A. Mariano
06:00,06:00:00,55,84,-29,2,4,REGULAR,4,R. Nambatac,1,2pt,704,,,drivinglayup,1,27,Rey,Nambatac,Rey,Nambatac,R,N,R,N,R. Nambatac
06:18,06:18:00,55,82,-27,2,4,REGULAR,16,S. Taylor Jr.,1,rebound,703,702,,defensive,0,23,Steve,Taylor Jr.,Steve,Taylor Jr.,S,T,S,T,S. Taylor Jr.
06:21,06:21:00,55,82,-27,1,4,REGULAR,8,J. Brownlee,0,3pt,702,,,jumpshot,1,32,Justin,Brownlee,Justin,Brownlee,J,B,J,B,J. Brownlee
06:48,06:48:00,55,82,-27,2,4,REGULAR,16,S. Taylor Jr.,1,assist,699,698,,,0,23,Steve,Taylor Jr.,Steve,Taylor Jr.,S,T,S,T,S. Taylor Jr.
06:48,06:48:00,55,82,-27,2,4,REGULAR,9,A. Caracut,1,3pt,698,,,jumpshot,1,14,Andrei,Caracut,Andrei,Caracut,A,C,A,C,A. Caracut
07:02,07:02:00,55,79,-24,1,4,REGULAR,3,J. Dillinger,1,substitution,695,,,out,0,2,Jared,Dillinger,Jared,Dillinger,J,D,J,D,J. Dillinger
07:02,07:02:00,55,79,-24,1,4,REGULAR,12,J. Malonzo,1,substitution,696,,,in,0,3,Jamie,Malonzo,Jamie,Malonzo,J,M,J,M,J. Malonzo
07:02,07:02:00,55,79,-24,2,4,REGULAR,10,L. Santillan,1,substitution,693,,,out,0,25,Leonard,Santillan,Leonard,Santillan,L,S,L,S,L. Santillan
07:02,07:02:00,55,79,-24,2,4,REGULAR,5,G. Norwood,1,substitution,694,,,in,0,5,Gabe,Norwood,Gabe,Norwood,G,N,G,N,G. Norwood
07:02,07:02:00,55,79,-24,1,4,REGULAR,1,L. Tenorio,1,turnover,692,,,badpass,0,5,Lewis Alfred,Tenorio,Lewis Alfred,Tenorio,L,T,L,T,L. Tenorio
07:20,07:20:00,55,79,-24,1,4,REGULAR,1,L. Tenorio,1,foulon,689,688,,,0,5,Lewis Alfred,Tenorio,Lewis Alfred,Tenorio,L,T,L,T,L. Tenorio
07:20,07:20:00,55,79,-24,2,4,REGULAR,3,N. Torres,1,foul,688,,,personal,0,29,Norbert,Torres,Norbert,Torres,N,T,N,T,N. Torres
07:24,07:24:00,55,79,-24,1,4,REGULAR,3,J. Dillinger,1,steal,685,683,,,0,2,Jared,Dillinger,Jared,Dillinger,J,D,J,D,J. Dillinger
07:24,07:24:00,55,79,-24,2,4,REGULAR,9,A. Caracut,1,turnover,683,,,badpass,0,14,Andrei,Caracut,Andrei,Caracut,A,C,A,C,A. Caracut
07:33,07:33:00,55,79,-24,1,4,REGULAR,3,J. Dillinger,1,turnover,681,,,badpass,0,2,Jared,Dillinger,Jared,Dillinger,J,D,J,D,J. Dillinger
07:44,07:44:00,55,79,-24,1,4,REGULAR,1,L. Tenorio,1,steal,678,677,,,0,5,Lewis Alfred,Tenorio,Lewis Alfred,Tenorio,L,T,L,T,L. Tenorio
07:44,07:44:00,55,79,-24,2,4,REGULAR,9,A. Caracut,1,turnover,677,,,ballhandling,0,14,Andrei,Caracut,Andrei,Caracut,A,C,A,C,A. Caracut
07:55,07:55:00,55,79,-24,2,4,REGULAR,3,N. Torres,1,substitution,674,,,in,0,29,Norbert,Torres,Norbert,Torres,N,T,N,T,N. Torres
07:55,07:55:00,55,79,-24,2,4,REGULAR,4,R. Nambatac,1,substitution,673,,,in,0,27,Rey,Nambatac,Rey,Nambatac,R,N,R,N,R. Nambatac
07:55,07:55:00,55,79,-24,2,4,REGULAR,8,A. Asistio,1,substitution,671,,,out,0,8,Anton,Asistio,Anton,Asistio,A,A,A,A,A. Asistio
07:55,07:55:00,55,79,-24,2,4,REGULAR,1,M. Borboran,1,substitution,672,,,out,0,16,Mark Anthony,Borboran,Mark Anthony,Borboran,M,B,M,B,M. Borboran
07:55,07:55:00,55,79,-24,2,4,REGULAR,1,M. Borboran,1,foulon,670,669,,,0,16,Mark Anthony,Borboran,Mark Anthony,Borboran,M,B,M,B,M. Borboran
07:55,07:55:00,55,79,-24,1,4,REGULAR,3,J. Dillinger,1,foul,669,,,personal,0,2,Jared,Dillinger,Jared,Dillinger,J,D,J,D,J. Dillinger
08:16,08:16:00,55,79,-24,1,4,REGULAR,1,L. Tenorio,1,2pt,667,,,floatingjumpshot,1,5,Lewis Alfred,Tenorio,Lewis Alfred,Tenorio,L,T,L,T,L. Tenorio
08:22,08:22:00,53,79,-26,1,4,REGULAR,13,A. Mariano,1,rebound,666,665,,defensive,0,31,Aljon,Mariano,Aljon,Mariano,A,M,A,M,A. Mariano
08:25,08:25:00,53,79,-26,2,4,REGULAR,1,M. Borboran,0,3pt,665,,,jumpshot,1,16,Mark Anthony,Borboran,Mark Anthony,Borboran,M,B,M,B,M. Borboran
08:34,08:34:00,53,79,-26,2,4,REGULAR,8,A. Asistio,1,rebound,664,663,,defensive,0,8,Anton,Asistio,Anton,Asistio,A,A,A,A,A. Asistio
08:36,08:36:00,53,79,-26,1,4,REGULAR,5,N. Pinto,0,3pt,663,,,jumpshot,1,17,Nard John,Pinto,Nard John,Pinto,N,P,N,P,N. Pinto
08:58,08:58:00,53,79,-26,2,4,REGULAR,9,A. Caracut,1,2pt,662,,,pullupjumpshot,1,14,Andrei,Caracut,Andrei,Caracut,A,C,A,C,A. Caracut
09:11,09:11:00,53,77,-24,1,4,REGULAR,1,L. Tenorio,1,assist,661,660,,,0,5,Lewis Alfred,Tenorio,Lewis Alfred,Tenorio,L,T,L,T,L. Tenorio
09:11,09:11:00,53,77,-24,1,4,REGULAR,5,N. Pinto,1,3pt,660,,,jumpshot,1,17,Nard John,Pinto,Nard John,Pinto,N,P,N,P,N. Pinto
09:17,09:17:00,50,77,-27,1,4,REGULAR,5,N. Pinto,1,rebound,659,658,,defensive,0,17,Nard John,Pinto,Nard John,Pinto,N,P,N,P,N. Pinto
09:20,09:20:00,50,77,-27,2,4,REGULAR,16,S. Taylor Jr.,0,2pt,658,,,stepbackjumpshot,1,23,Steve,Taylor Jr.,Steve,Taylor Jr.,S,T,S,T,S. Taylor Jr.
09:38,09:38:00,50,77,-27,2,4,REGULAR,1,M. Borboran,1,foulon,656,655,,,0,16,Mark Anthony,Borboran,Mark Anthony,Borboran,M,B,M,B,M. Borboran
09:38,09:38:00,50,77,-27,1,4,REGULAR,13,A. Mariano,1,foul,655,,,personal,0,31,Aljon,Mariano,Aljon,Mariano,A,M,A,M,A. Mariano
09:40,09:40:00,50,77,-27,2,4,REGULAR,1,M. Borboran,1,rebound,653,651,,defensive,0,16,Mark Anthony,Borboran,Mark Anthony,Borboran,M,B,M,B,M. Borboran
09:40,09:40:00,50,77,-27,1,4,REGULAR,5,N. Pinto,0,2pt,651,,,jumpshot,1,17,Nard John,Pinto,Nard John,Pinto,N,P,N,P,N. Pinto
09:44,09:44:00,50,77,-27,1,4,REGULAR,8,J. Brownlee,1,rebound,649,648,,offensive,0,32,Justin,Brownlee,Justin,Brownlee,J,B,J,B,J. Brownlee
09:46,09:46:00,50,77,-27,1,4,REGULAR,13,A. Mariano,0,3pt,648,,,jumpshot,1,31,Aljon,Mariano,Aljon,Mariano,A,M,A,M,A. Mariano
09:54,09:54:00,50,77,-27,1,4,REGULAR,10,C. Standhardinger,1,substitution,645,,,out,0,34,Christian,Standhardinger,Christian,Standhardinger,C,S,C,S,C. Standhardinger
09:54,09:54:00,50,77,-27,1,4,REGULAR,8,J. Brownlee,1,substitution,646,,,in,0,32,Justin,Brownlee,Justin,Brownlee,J,B,J,B,J. Brownlee
09:54,09:54:00,50,77,-27,1,4,REGULAR,1,L. Tenorio,1,foulon,644,643,,,0,5,Lewis Alfred,Tenorio,Lewis Alfred,Tenorio,L,T,L,T,L. Tenorio
09:54,09:54:00,50,77,-27,2,4,REGULAR,8,A. Asistio,1,foul,643,,,personal,0,8,Anton,Asistio,Anton,Asistio,A,A,A,A,A. Asistio
10:07,10:07:00,50,77,-27,2,4,REGULAR,16,S. Taylor Jr.,1,assist,641,640,,,0,23,Steve,Taylor Jr.,Steve,Taylor Jr.,S,T,S,T,S. Taylor Jr.
10:07,10:07:00,50,77,-27,2,4,REGULAR,10,L. Santillan,1,2pt,640,,,layup,1,25,Leonard,Santillan,Leonard,Santillan,L,S,L,S,L. Santillan
10:08,10:08:00,50,75,-25,2,4,REGULAR,2,J. Ponferrada,1,substitution,637,,,out,0,15,Jewel,Ponferada,Jewel,Ponferrada,J,P,J,P,J. Ponferada
10:08,10:08:00,50,75,-25,2,4,REGULAR,10,L. Santillan,1,substitution,638,,,in,0,25,Leonard,Santillan,Leonard,Santillan,L,S,L,S,L. Santillan
10:25,10:25:00,50,75,-25,1,4,REGULAR,5,N. Pinto,1,assist,633,632,,,0,17,Nard John,Pinto,Nard John,Pinto,N,P,N,P,N. Pinto
10:25,10:25:00,50,75,-25,1,4,REGULAR,10,C. Standhardinger,1,freethrow,632,,,2of2,1,34,Christian,Standhardinger,Christian,Standhardinger,C,S,C,S,C. Standhardinger
10:25,10:25:00,49,75,-26,2,4,REGULAR,16,S. Taylor Jr.,1,substitution,631,,,in,0,23,Steve,Taylor Jr.,Steve,Taylor Jr.,S,T,S,T,S. Taylor Jr.
10:25,10:25:00,49,75,-26,2,4,REGULAR,9,A. Caracut,1,substitution,630,,,in,0,14,Andrei,Caracut,Andrei,Caracut,A,C,A,C,A. Caracut
10:25,10:25:00,49,75,-26,2,4,REGULAR,10,L. Santillan,1,substitution,628,,,out,0,25,Leonard,Santillan,Leonard,Santillan,L,S,L,S,L. Santillan
10:25,10:25:00,49,75,-26,2,4,REGULAR,4,R. Nambatac,1,substitution,629,,,out,0,27,Rey,Nambatac,Rey,Nambatac,R,N,R,N,R. Nambatac
10:25,10:25:00,49,75,-26,1,4,REGULAR,10,C. Standhardinger,0,freethrow,627,,,1of2,1,34,Christian,Standhardinger,Christian,Standhardinger,C,S,C,S,C. Standhardinger
10:25,10:25:00,49,75,-26,1,4,REGULAR,10,C. Standhardinger,1,foulon,626,625,,,0,34,Christian,Standhardinger,Christian,Standhardinger,C,S,C,S,C. Standhardinger
10:25,10:25:00,49,75,-26,2,4,REGULAR,10,L. Santillan,1,foul,625,,,personal,0,25,Leonard,Santillan,Leonard,Santillan,L,S,L,S,L. Santillan
10:34,10:34:00,49,75,-26,1,4,REGULAR,10,C. Standhardinger,1,rebound,623,622,,defensive,0,34,Christian,Standhardinger,Christian,Standhardinger,C,S,C,S,C. Standhardinger
10:36,10:36:00,49,75,-26,2,4,REGULAR,10,L. Santillan,0,3pt,622,,,jumpshot,1,25,Leonard,Santillan,Leonard,Santillan,L,S,L,S,L. Santillan
10:57,10:57:00,49,75,-26,1,4,REGULAR,0,,1,turnover,620,,,24sec,0,,NA,NA,NA,NA,NA,NA,NA,NA,NA
11:25,11:25:00,49,75,-26,2,4,REGULAR,4,R. Nambatac,1,assist,618,617,,,0,27,Rey,Nambatac,Rey,Nambatac,R,N,R,N,R. Nambatac
11:25,11:25:00,49,75,-26,2,4,REGULAR,2,J. Ponferrada,1,3pt,617,,,jumpshot,1,15,Jewel,Ponferada,Jewel,Ponferrada,J,P,J,P,J. Ponferada
11:41,11:41:00,49,72,-23,2,4,REGULAR,2,J. Ponferrada,1,rebound,616,615,,defensive,0,15,Jewel,Ponferada,Jewel,Ponferrada,J,P,J,P,J. Ponferada
11:44,11:44:00,49,72,-23,1,4,REGULAR,10,C. Standhardinger,0,2pt,615,,,fadeaway,1,34,Christian,Standhardinger,Christian,Standhardinger,C,S,C,S,C. Standhardinger
12:00,12:00:00,49,72,-23,0,4,REGULAR,0,,1,period,613,,,start,0,,NA,NA,NA,NA,NA,NA,NA,NA,NA
00:00,00:00:00,49,72,-23,0,3,REGULAR,0,,1,period,612,,,end,0,,NA,NA,NA,NA,NA,NA,NA,NA,NA
00:00,00:00:90,49,72,-23,2,3,REGULAR,4,R. Nambatac,0,3pt,609,,,jumpshot,1,27,Rey,Nambatac,Rey,Nambatac,R,N,R,N,R. Nambatac
00:06,00:06:30,49,72,-23,1,3,REGULAR,13,A. Mariano,1,substitution,606,,,in,0,31,Aljon,Mariano,Aljon,Mariano,A,M,A,M,A. Mariano
00:06,00:06:30,49,72,-23,1,3,REGULAR,5,N. Pinto,1,substitution,605,,,in,0,17,Nard John,Pinto,Nard John,Pinto,N,P,N,P,N. Pinto
00:06,00:06:30,49,72,-23,1,3,REGULAR,8,J. Brownlee,1,substitution,603,,,out,0,32,Justin,Brownlee,Justin,Brownlee,J,B,J,B,J. Brownlee
00:06,00:06:30,49,72,-23,1,3,REGULAR,3,J. Dillinger,1,substitution,604,,,in,0,2,Jared,Dillinger,Jared,Dillinger,J,D,J,D,J. Dillinger
00:06,00:06:30,49,72,-23,1,3,REGULAR,12,J. Malonzo,1,substitution,601,,,out,0,3,Jamie,Malonzo,Jamie,Malonzo,J,M,J,M,J. Malonzo
00:06,00:06:30,49,72,-23,1,3,REGULAR,7,S. Thompson,1,substitution,602,,,out,0,9,Scottie,Thompson,Scottie,Thompson,S,T,S,T,S. Thompson
00:06,00:06:30,49,72,-23,2,3,REGULAR,0,,1,timeout,600,,,full,0,,NA,NA,NA,NA,NA,NA,NA,NA,NA
00:10,00:10:70,49,72,-23,2,3,REGULAR,1,M. Borboran,1,rebound,596,595,,defensive,0,16,Mark Anthony,Borboran,Mark Anthony,Borboran,M,B,M,B,M. Borboran
00:13,00:13:90,49,72,-23,1,3,REGULAR,10,C. Standhardinger,0,2pt,595,,,drivinglayup,1,34,Christian,Standhardinger,Christian,Standhardinger,C,S,C,S,C. Standhardinger
00:27,00:27:90,49,72,-23,2,3,REGULAR,4,R. Nambatac,1,assist,593,592,,,0,27,Rey,Nambatac,Rey,Nambatac,R,N,R,N,R. Nambatac
00:27,00:27:90,49,72,-23,2,3,REGULAR,10,L. Santillan,1,2pt,592,,,floatingjumpshot,1,25,Leonard,Santillan,Leonard,Santillan,L,S,L,S,L. Santillan
00:46,00:46:90,49,70,-21,2,3,REGULAR,2,J. Ponferrada,1,rebound,590,589,,defensive,0,15,Jewel,Ponferada,Jewel,Ponferrada,J,P,J,P,J. Ponferada
00:49,00:49:80,49,70,-21,1,3,REGULAR,12,J. Malonzo,0,3pt,589,,,jumpshot,1,3,Jamie,Malonzo,Jamie,Malonzo,J,M,J,M,J. Malonzo
01:02,01:02:00,49,70,-21,2,3,REGULAR,4,R. Nambatac,1,assist,586,585,,,0,27,Rey,Nambatac,Rey,Nambatac,R,N,R,N,R. Nambatac
01:02,01:02:00,49,70,-21,2,3,REGULAR,10,L. Santillan,1,2pt,585,,,drivinglayup,1,25,Leonard,Santillan,Leonard,Santillan,L,S,L,S,L. Santillan
01:17,01:17:00,49,68,-19,2,3,REGULAR,10,L. Santillan,1,rebound,584,583,,defensive,0,25,Leonard,Santillan,Leonard,Santillan,L,S,L,S,L. Santillan
01:19,01:19:00,49,68,-19,1,3,REGULAR,12,J. Malonzo,0,2pt,583,,,jumpshot,1,3,Jamie,Malonzo,Jamie,Malonzo,J,M,J,M,J. Malonzo
01:23,01:23:00,49,68,-19,1,3,REGULAR,7,S. Thompson,1,rebound,582,580,,defensive,0,9,Scottie,Thompson,Scottie,Thompson,S,T,S,T,S. Thompson
01:27,01:27:00,49,68,-19,1,3,REGULAR,12,J. Malonzo,1,block,581,580,,,0,3,Jamie,Malonzo,Jamie,Malonzo,J,M,J,M,J. Malonzo
01:27,01:27:00,49,68,-19,2,3,REGULAR,2,J. Ponferrada,0,2pt,580,,,layup,1,15,Jewel,Ponferada,Jewel,Ponferrada,J,P,J,P,J. Ponferada
01:43,01:43:00,49,68,-19,1,3,REGULAR,1,L. Tenorio,1,assist,579,578,,,0,5,Lewis Alfred,Tenorio,Lewis Alfred,Tenorio,L,T,L,T,L. Tenorio
01:43,01:43:00,49,68,-19,1,3,REGULAR,10,C. Standhardinger,1,2pt,578,,,layup,1,34,Christian,Standhardinger,Christian,Standhardinger,C,S,C,S,C. Standhardinger
01:50,01:50:00,47,68,-21,1,3,REGULAR,8,J. Brownlee,1,rebound,577,576,,defensive,0,32,Justin,Brownlee,Justin,Brownlee,J,B,J,B,J. Brownlee
01:52,01:52:00,47,68,-21,2,3,REGULAR,1,M. Borboran,0,2pt,576,,,jumpshot,1,16,Mark Anthony,Borboran,Mark Anthony,Borboran,M,B,M,B,M. Borboran
02:14,02:14:00,47,68,-21,2,3,REGULAR,10,L. Santillan,1,foulon,574,573,,,0,25,Leonard,Santillan,Leonard,Santillan,L,S,L,S,L. Santillan
02:14,02:14:00,47,68,-21,1,3,REGULAR,10,C. Standhardinger,1,foul,573,,,personal,0,34,Christian,Standhardinger,Christian,Standhardinger,C,S,C,S,C. Standhardinger
02:18,02:18:00,47,68,-21,2,3,REGULAR,10,L. Santillan,1,rebound,571,568,,defensive,0,25,Leonard,Santillan,Leonard,Santillan,L,S,L,S,L. Santillan
02:19,02:19:00,47,68,-21,1,3,REGULAR,7,S. Thompson,0,3pt,568,,,jumpshot,1,9,Scottie,Thompson,Scottie,Thompson,S,T,S,T,S. Thompson
02:39,02:39:00,47,68,-21,2,3,REGULAR,0,,1,timeout,566,,,full,0,,NA,NA,NA,NA,NA,NA,NA,NA,NA
02:39,02:39:00,47,68,-21,1,3,REGULAR,0,,1,timeout,565,,,full,0,,NA,NA,NA,NA,NA,NA,NA,NA,NA
02:42,02:42:00,47,68,-21,2,3,REGULAR,4,R. Nambatac,1,assist,564,562,,,0,27,Rey,Nambatac,Rey,Nambatac,R,N,R,N,R. Nambatac
02:42,02:42:00,47,68,-21,2,3,REGULAR,8,A. Asistio,1,3pt,562,,,jumpshot,1,8,Anton,Asistio,Anton,Asistio,A,A,A,A,A. Asistio
02:52,02:52:00,47,65,-18,1,3,REGULAR,8,J. Brownlee,1,2pt,561,,,drivinglayup,1,32,Justin,Brownlee,Justin,Brownlee,J,B,J,B,J. Brownlee
03:00,03:00:00,45,65,-20,2,3,REGULAR,2,J. Ponferrada,1,turnover,560,,,ballhandling,0,15,Jewel,Ponferada,Jewel,Ponferrada,J,P,J,P,J. Ponferada
03:00,03:00:00,45,65,-20,2,3,REGULAR,2,J. Ponferrada,1,rebound,559,558,,offensive,0,15,Jewel,Ponferada,Jewel,Ponferrada,J,P,J,P,J. Ponferada
03:03,03:03:00,45,65,-20,2,3,REGULAR,2,J. Ponferrada,0,2pt,558,,,layup,1,15,Jewel,Ponferada,Jewel,Ponferrada,J,P,J,P,J. Ponferada
03:03,03:03:00,45,65,-20,2,3,REGULAR,2,J. Ponferrada,1,rebound,557,556,,offensive,0,15,Jewel,Ponferada,Jewel,Ponferrada,J,P,J,P,J. Ponferada
03:06,03:06:00,45,65,-20,2,3,REGULAR,4,R. Nambatac,0,3pt,556,,,jumpshot,1,27,Rey,Nambatac,Rey,Nambatac,R,N,R,N,R. Nambatac
03:28,03:28:00,45,65,-20,1,3,REGULAR,12,J. Malonzo,1,turnover,554,,,ballhandling,0,3,Jamie,Malonzo,Jamie,Malonzo,J,M,J,M,J. Malonzo
03:32,03:32:00,45,65,-20,1,3,REGULAR,8,J. Brownlee,1,rebound,552,551,,defensive,0,32,Justin,Brownlee,Justin,Brownlee,J,B,J,B,J. Brownlee
03:35,03:35:00,45,65,-20,2,3,REGULAR,4,R. Nambatac,0,2pt,551,,,floatingjumpshot,1,27,Rey,Nambatac,Rey,Nambatac,R,N,R,N,R. Nambatac
04:00,04:00:00,45,65,-20,1,3,REGULAR,8,J. Brownlee,1,2pt,550,,,jumpshot,1,32,Justin,Brownlee,Justin,Brownlee,J,B,J,B,J. Brownlee
04:10,04:10:00,43,65,-22,1,3,REGULAR,8,J. Brownlee,1,rebound,549,547,,defensive,0,32,Justin,Brownlee,Justin,Brownlee,J,B,J,B,J. Brownlee
04:10,04:10:00,43,65,-22,2,3,REGULAR,10,L. Santillan,0,freethrow,547,,,2of2,1,25,Leonard,Santillan,Leonard,Santillan,L,S,L,S,L. Santillan
04:10,04:10:00,43,65,-22,2,3,REGULAR,1,M. Borboran,1,substitution,546,,,in,0,16,Mark Anthony,Borboran,Mark Anthony,Borboran,M,B,M,B,M. Borboran
04:10,04:10:00,43,65,-22,2,3,REGULAR,2,J. Ponferrada,1,substitution,545,,,in,0,15,Jewel,Ponferada,Jewel,Ponferrada,J,P,J,P,J. Ponferada
04:10,04:10:00,43,65,-22,2,3,REGULAR,5,G. Norwood,1,substitution,543,,,out,0,5,Gabe,Norwood,Gabe,Norwood,G,N,G,N,G. Norwood
04:10,04:10:00,43,65,-22,2,3,REGULAR,6,B. Belga,1,substitution,544,,,out,0,30,Beau,Belga,Beau,Belga,B,B,B,B,B. Belga
04:10,04:10:00,43,65,-22,2,3,REGULAR,4,R. Nambatac,1,assist,542,541,,,0,27,Rey,Nambatac,Rey,Nambatac,R,N,R,N,R. Nambatac
04:10,04:10:00,43,65,-22,2,3,REGULAR,10,L. Santillan,1,freethrow,541,,,1of2,1,25,Leonard,Santillan,Leonard,Santillan,L,S,L,S,L. Santillan
04:10,04:10:00,43,64,-21,2,3,REGULAR,10,L. Santillan,1,foulon,540,539,,,0,25,Leonard,Santillan,Leonard,Santillan,L,S,L,S,L. Santillan
04:10,04:10:00,43,64,-21,1,3,REGULAR,12,J. Malonzo,1,foul,539,,,personal,0,3,Jamie,Malonzo,Jamie,Malonzo,J,M,J,M,J. Malonzo
04:24,04:24:00,43,64,-21,2,3,REGULAR,5,G. Norwood,1,rebound,537,536,,defensive,0,5,Gabe,Norwood,Gabe,Norwood,G,N,G,N,G. Norwood
04:26,04:26:00,43,64,-21,1,3,REGULAR,1,L. Tenorio,0,3pt,536,,,jumpshot,1,5,Lewis Alfred,Tenorio,Lewis Alfred,Tenorio,L,T,L,T,L. Tenorio
04:55,04:55:00,43,64,-21,2,3,REGULAR,10,L. Santillan,1,2pt,535,,,jumpshot,1,25,Leonard,Santillan,Leonard,Santillan,L,S,L,S,L. Santillan
05:21,05:21:00,43,62,-19,1,3,REGULAR,8,J. Brownlee,1,assist,534,533,,,0,32,Justin,Brownlee,Justin,Brownlee,J,B,J,B,J. Brownlee
05:21,05:21:00,43,62,-19,1,3,REGULAR,10,C. Standhardinger,1,2pt,533,,,layup,1,34,Christian,Standhardinger,Christian,Standhardinger,C,S,C,S,C. Standhardinger
05:30,05:30:00,41,62,-21,1,3,REGULAR,8,J. Brownlee,1,rebound,532,531,,defensive,0,32,Justin,Brownlee,Justin,Brownlee,J,B,J,B,J. Brownlee
05:32,05:32:00,41,62,-21,2,3,REGULAR,6,B. Belga,0,3pt,531,,,jumpshot,1,30,Beau,Belga,Beau,Belga,B,B,B,B,B. Belga
05:45,05:45:00,41,62,-21,2,3,REGULAR,4,R. Nambatac,1,steal,529,528,,,0,27,Rey,Nambatac,Rey,Nambatac,R,N,R,N,R. Nambatac
05:45,05:45:00,41,62,-21,1,3,REGULAR,12,J. Malonzo,1,turnover,528,,,ballhandling,0,3,Jamie,Malonzo,Jamie,Malonzo,J,M,J,M,J. Malonzo
05:55,05:55:00,41,62,-21,2,3,REGULAR,4,R. Nambatac,1,freethrow,523,,,2of2,1,27,Rey,Nambatac,Rey,Nambatac,R,N,R,N,R. Nambatac
05:55,05:55:00,41,61,-20,1,3,REGULAR,4,S. Pringle,1,substitution,521,,,out,0,11,Stanley Jr.,Pringle,Stanley Jr.,Pringle,S,P,S,P,S. Pringle
05:55,05:55:00,41,61,-20,1,3,REGULAR,1,L. Tenorio,1,substitution,522,,,in,0,5,Lewis Alfred,Tenorio,Lewis Alfred,Tenorio,L,T,L,T,L. Tenorio
05:55,05:55:00,41,61,-20,2,3,REGULAR,16,S. Taylor Jr.,1,substitution,519,,,out,0,23,Steve,Taylor Jr.,Steve,Taylor Jr.,S,T,S,T,S. Taylor Jr.
05:55,05:55:00,41,61,-20,2,3,REGULAR,10,L. Santillan,1,substitution,520,,,in,0,25,Leonard,Santillan,Leonard,Santillan,L,S,L,S,L. Santillan
05:55,05:55:00,41,61,-20,2,3,REGULAR,4,R. Nambatac,1,freethrow,518,,,1of2,1,27,Rey,Nambatac,Rey,Nambatac,R,N,R,N,R. Nambatac
05:55,05:55:00,41,60,-19,2,3,REGULAR,4,R. Nambatac,1,foulon,517,516,,,0,27,Rey,Nambatac,Rey,Nambatac,R,N,R,N,R. Nambatac
05:55,05:55:00,41,60,-19,1,3,REGULAR,10,C. Standhardinger,1,foul,516,,,personal,0,34,Christian,Standhardinger,Christian,Standhardinger,C,S,C,S,C. Standhardinger
06:16,06:16:00,41,60,-19,2,3,REGULAR,16,S. Taylor Jr.,1,rebound,514,512,,defensive,0,23,Steve,Taylor Jr.,Steve,Taylor Jr.,S,T,S,T,S. Taylor Jr.
06:16,06:16:00,41,60,-19,1,3,REGULAR,10,C. Standhardinger,0,freethrow,512,,,2of2,1,34,Christian,Standhardinger,Christian,Standhardinger,C,S,C,S,C. Standhardinger
06:16,06:16:00,41,60,-19,2,3,REGULAR,11,M. Nieto,1,substitution,510,,,out,0,7,Mike,Nieto,Mike,Nieto,M,N,M,N,M. Nieto
06:16,06:16:00,41,60,-19,2,3,REGULAR,8,A. Asistio,1,substitution,511,,,in,0,8,Anton,Asistio,Anton,Asistio,A,A,A,A,A. Asistio
06:16,06:16:00,41,60,-19,1,3,REGULAR,10,C. Standhardinger,0,freethrow,509,,,1of2,1,34,Christian,Standhardinger,Christian,Standhardinger,C,S,C,S,C. Standhardinger
06:16,06:16:00,41,60,-19,1,3,REGULAR,10,C. Standhardinger,1,foulon,508,507,,,0,34,Christian,Standhardinger,Christian,Standhardinger,C,S,C,S,C. Standhardinger
06:16,06:16:00,41,60,-19,2,3,REGULAR,11,M. Nieto,1,foul,507,,,personal,0,7,Mike,Nieto,Mike,Nieto,M,N,M,N,M. Nieto
06:34,06:34:00,41,60,-19,1,3,REGULAR,4,S. Pringle,1,rebound,505,504,,defensive,0,11,Stanley Jr.,Pringle,Stanley Jr.,Pringle,S,P,S,P,S. Pringle
06:37,06:37:00,41,60,-19,2,3,REGULAR,16,S. Taylor Jr.,0,3pt,504,,,stepbackjumpshot,1,23,Steve,Taylor Jr.,Steve,Taylor Jr.,S,T,S,T,S. Taylor Jr.
06:57,06:57:00,41,60,-19,1,3,REGULAR,4,S. Pringle,1,freethrow,502,,,1of1,1,11,Stanley Jr.,Pringle,Stanley Jr.,Pringle,S,P,S,P,S. Pringle
06:57,06:57:00,40,60,-20,2,3,REGULAR,9,A. Caracut,1,substitution,500,,,out,0,14,Andrei,Caracut,Andrei,Caracut,A,C,A,C,A. Caracut
06:57,06:57:00,40,60,-20,2,3,REGULAR,4,R. Nambatac,1,substitution,501,,,in,0,27,Rey,Nambatac,Rey,Nambatac,R,N,R,N,R. Nambatac
06:57,06:57:00,40,60,-20,1,3,REGULAR,4,S. Pringle,1,foulon,499,498,,,0,11,Stanley Jr.,Pringle,Stanley Jr.,Pringle,S,P,S,P,S. Pringle
06:57,06:57:00,40,60,-20,2,3,REGULAR,9,A. Caracut,1,foul,498,,,personal,0,14,Andrei,Caracut,Andrei,Caracut,A,C,A,C,A. Caracut
06:59,06:59:00,40,60,-20,1,3,REGULAR,10,C. Standhardinger,1,assist,497,495,,,0,34,Christian,Standhardinger,Christian,Standhardinger,C,S,C,S,C. Standhardinger
06:59,06:59:00,40,60,-20,1,3,REGULAR,4,S. Pringle,1,2pt,495,,,drivinglayup,1,11,Stanley Jr.,Pringle,Stanley Jr.,Pringle,S,P,S,P,S. Pringle
07:05,07:05:00,38,60,-22,2,3,REGULAR,6,B. Belga,1,freethrow,493,,,2of2,1,30,Beau,Belga,Beau,Belga,B,B,B,B,B. Belga
07:05,07:05:00,38,59,-21,1,3,REGULAR,2,J. Aguilar,1,substitution,491,,,out,0,25,Japeth,Aguilar,Japeth,Aguilar,J,A,J,A,J. Aguilar
07:05,07:05:00,38,59,-21,1,3,REGULAR,10,C. Standhardinger,1,substitution,492,,,in,0,34,Christian,Standhardinger,Christian,Standhardinger,C,S,C,S,C. Standhardinger
07:05,07:05:00,38,59,-21,2,3,REGULAR,11,M. Nieto,1,assist,490,489,,,0,7,Mike,Nieto,Mike,Nieto,M,N,M,N,M. Nieto
07:05,07:05:00,38,59,-21,2,3,REGULAR,6,B. Belga,1,freethrow,489,,,1of2,1,30,Beau,Belga,Beau,Belga,B,B,B,B,B. Belga
07:05,07:05:00,38,58,-20,2,3,REGULAR,6,B. Belga,1,foulon,488,487,,,0,30,Beau,Belga,Beau,Belga,B,B,B,B,B. Belga
07:05,07:05:00,38,58,-20,1,3,REGULAR,2,J. Aguilar,1,foul,487,,,personal,0,25,Japeth,Aguilar,Japeth,Aguilar,J,A,J,A,J. Aguilar
07:27,07:27:00,38,58,-20,1,3,REGULAR,2,J. Aguilar,1,turnover,480,,,ballhandling,0,25,Japeth,Aguilar,Japeth,Aguilar,J,A,J,A,J. Aguilar
07:30,07:30:00,38,58,-20,1,3,REGULAR,7,S. Thompson,1,rebound,478,477,,offensive,0,9,Scottie,Thompson,Scottie,Thompson,S,T,S,T,S. Thompson
07:32,07:32:00,38,58,-20,1,3,REGULAR,8,J. Brownlee,0,3pt,477,,,jumpshot,1,32,Justin,Brownlee,Justin,Brownlee,J,B,J,B,J. Brownlee
07:37,07:37:00,38,58,-20,1,3,REGULAR,12,J. Malonzo,1,foulon,475,474,,,0,3,Jamie,Malonzo,Jamie,Malonzo,J,M,J,M,J. Malonzo
07:37,07:37:00,38,58,-20,2,3,REGULAR,9,A. Caracut,1,foul,474,,,personal,0,14,Andrei,Caracut,Andrei,Caracut,A,C,A,C,A. Caracut
07:37,07:37:00,38,58,-20,1,3,REGULAR,0,,1,rebound,472,470,,offensive,0,,NA,NA,NA,NA,NA,NA,NA,NA,NA
07:38,07:38:00,38,58,-20,1,3,REGULAR,2,J. Aguilar,0,2pt,470,,,jumpshot,1,25,Japeth,Aguilar,Japeth,Aguilar,J,A,J,A,J. Aguilar
07:45,07:45:00,38,58,-20,1,3,REGULAR,8,J. Brownlee,1,foulon,467,466,,,0,32,Justin,Brownlee,Justin,Brownlee,J,B,J,B,J. Brownlee
07:45,07:45:00,38,58,-20,2,3,REGULAR,6,B. Belga,1,foul,466,,,personal,0,30,Beau,Belga,Beau,Belga,B,B,B,B,B. Belga
07:50,07:50:00,38,58,-20,1,3,REGULAR,7,S. Thompson,1,rebound,462,461,,defensive,0,9,Scottie,Thompson,Scottie,Thompson,S,T,S,T,S. Thompson
07:52,07:52:00,38,58,-20,2,3,REGULAR,5,G. Norwood,0,3pt,461,,,jumpshot,1,5,Gabe,Norwood,Gabe,Norwood,G,N,G,N,G. Norwood
08:14,08:14:00,38,58,-20,1,3,REGULAR,2,J. Aguilar,1,2pt,460,,,dunk,1,25,Japeth,Aguilar,Japeth,Aguilar,J,A,J,A,J. Aguilar
08:18,08:18:00,36,58,-22,1,3,REGULAR,2,J. Aguilar,1,steal,459,458,,,0,25,Japeth,Aguilar,Japeth,Aguilar,J,A,J,A,J. Aguilar
08:18,08:18:00,36,58,-22,2,3,REGULAR,6,B. Belga,1,turnover,458,,,badpass,0,30,Beau,Belga,Beau,Belga,B,B,B,B,B. Belga
08:28,08:28:00,36,58,-22,2,3,REGULAR,16,S. Taylor Jr.,1,rebound,457,456,,defensive,0,23,Steve,Taylor Jr.,Steve,Taylor Jr.,S,T,S,T,S. Taylor Jr.
08:31,08:31:00,36,58,-22,1,3,REGULAR,8,J. Brownlee,0,2pt,456,,,floatingjumpshot,1,32,Justin,Brownlee,Justin,Brownlee,J,B,J,B,J. Brownlee
08:36,08:36:00,36,58,-22,1,3,REGULAR,12,J. Malonzo,1,rebound,455,454,,offensive,0,3,Jamie,Malonzo,Jamie,Malonzo,J,M,J,M,J. Malonzo
08:38,08:38:00,36,58,-22,1,3,REGULAR,4,S. Pringle,0,2pt,454,,,jumpshot,1,11,Stanley Jr.,Pringle,Stanley Jr.,Pringle,S,P,S,P,S. Pringle
08:53,08:53:00,36,58,-22,1,3,REGULAR,12,J. Malonzo,1,rebound,453,451,,defensive,0,3,Jamie,Malonzo,Jamie,Malonzo,J,M,J,M,J. Malonzo
08:53,08:53:00,36,58,-22,2,3,REGULAR,16,S. Taylor Jr.,0,freethrow,451,,,2of2,1,23,Steve,Taylor Jr.,Steve,Taylor Jr.,S,T,S,T,S. Taylor Jr.
08:53,08:53:00,36,58,-22,2,3,REGULAR,6,B. Belga,1,assist,450,449,,,0,30,Beau,Belga,Beau,Belga,B,B,B,B,B. Belga
08:53,08:53:00,36,58,-22,2,3,REGULAR,16,S. Taylor Jr.,1,freethrow,449,,,1of2,1,23,Steve,Taylor Jr.,Steve,Taylor Jr.,S,T,S,T,S. Taylor Jr.
08:53,08:53:00,36,57,-21,2,3,REGULAR,16,S. Taylor Jr.,1,foulon,448,447,,,0,23,Steve,Taylor Jr.,Steve,Taylor Jr.,S,T,S,T,S. Taylor Jr.
08:53,08:53:00,36,57,-21,1,3,REGULAR,8,J. Brownlee,1,foul,447,,,personal,0,32,Justin,Brownlee,Justin,Brownlee,J,B,J,B,J. Brownlee
09:14,09:14:00,36,57,-21,2,3,REGULAR,16,S. Taylor Jr.,1,rebound,445,444,,defensive,0,23,Steve,Taylor Jr.,Steve,Taylor Jr.,S,T,S,T,S. Taylor Jr.
09:17,09:17:00,36,57,-21,1,3,REGULAR,8,J. Brownlee,0,3pt,444,,,jumpshot,1,32,Justin,Brownlee,Justin,Brownlee,J,B,J,B,J. Brownlee
09:32,09:32:00,36,57,-21,2,3,REGULAR,9,A. Caracut,1,2pt,443,,,pullupjumpshot,1,14,Andrei,Caracut,Andrei,Caracut,A,C,A,C,A. Caracut
09:47,09:47:00,36,55,-19,2,3,REGULAR,9,A. Caracut,1,rebound,439,438,,defensive,0,14,Andrei,Caracut,Andrei,Caracut,A,C,A,C,A. Caracut
09:50,09:50:00,36,55,-19,1,3,REGULAR,2,J. Aguilar,0,2pt,438,,,layup,1,25,Japeth,Aguilar,Japeth,Aguilar,J,A,J,A,J. Aguilar
09:59,09:59:00,36,55,-19,1,3,REGULAR,7,S. Thompson,1,rebound,437,436,,offensive,0,9,Scottie,Thompson,Scottie,Thompson,S,T,S,T,S. Thompson
10:01,10:01:00,36,55,-19,1,3,REGULAR,8,J. Brownlee,0,2pt,436,,,jumpshot,1,32,Justin,Brownlee,Justin,Brownlee,J,B,J,B,J. Brownlee
10:10,10:10:00,36,55,-19,1,3,REGULAR,8,J. Brownlee,1,rebound,435,434,,defensive,0,32,Justin,Brownlee,Justin,Brownlee,J,B,J,B,J. Brownlee
10:12,10:12:00,36,55,-19,2,3,REGULAR,9,A. Caracut,0,3pt,434,,,jumpshot,1,14,Andrei,Caracut,Andrei,Caracut,A,C,A,C,A. Caracut
10:20,10:20:00,36,55,-19,2,3,REGULAR,0,,1,timeout,432,,,full,0,,NA,NA,NA,NA,NA,NA,NA,NA,NA
10:25,10:25:00,36,55,-19,1,3,REGULAR,8,J. Brownlee,1,freethrow,429,,,1of1,1,32,Justin,Brownlee,Justin,Brownlee,J,B,J,B,J. Brownlee
10:25,10:25:00,35,55,-20,1,3,REGULAR,8,J. Brownlee,1,foulon,428,427,,,0,32,Justin,Brownlee,Justin,Brownlee,J,B,J,B,J. Brownlee
10:25,10:25:00,35,55,-20,2,3,REGULAR,5,G. Norwood,1,foul,427,,,personal,0,5,Gabe,Norwood,Gabe,Norwood,G,N,G,N,G. Norwood
10:25,10:25:00,35,55,-20,1,3,REGULAR,8,J. Brownlee,1,2pt,426,,,drivinglayup,1,32,Justin,Brownlee,Justin,Brownlee,J,B,J,B,J. Brownlee
10:37,10:37:00,33,55,-22,1,3,REGULAR,4,S. Pringle,1,foulon,422,421,,,0,11,Stanley Jr.,Pringle,Stanley Jr.,Pringle,S,P,S,P,S. Pringle
10:37,10:37:00,33,55,-22,2,3,REGULAR,9,A. Caracut,1,foul,421,,,personal,0,14,Andrei,Caracut,Andrei,Caracut,A,C,A,C,A. Caracut
10:43,10:43:00,33,55,-22,1,3,REGULAR,7,S. Thompson,1,foulon,418,417,,,0,9,Scottie,Thompson,Scottie,Thompson,S,T,S,T,S. Thompson
10:43,10:43:00,33,55,-22,2,3,REGULAR,9,A. Caracut,1,foul,417,,,personal,0,14,Andrei,Caracut,Andrei,Caracut,A,C,A,C,A. Caracut
10:48,10:48:00,33,55,-22,1,3,REGULAR,7,S. Thompson,1,rebound,415,411,,defensive,0,9,Scottie,Thompson,Scottie,Thompson,S,T,S,T,S. Thompson
10:49,10:49:00,33,55,-22,1,3,REGULAR,12,J. Malonzo,1,block,414,411,,,0,3,Jamie,Malonzo,Jamie,Malonzo,J,M,J,M,J. Malonzo
10:49,10:49:00,33,55,-22,2,3,REGULAR,11,M. Nieto,0,2pt,411,,,drivinglayup,1,7,Mike,Nieto,Mike,Nieto,M,N,M,N,M. Nieto
11:07,11:07:00,33,55,-22,1,3,REGULAR,2,J. Aguilar,1,assist,410,409,,,0,25,Japeth,Aguilar,Japeth,Aguilar,J,A,J,A,J. Aguilar
11:07,11:07:00,33,55,-22,1,3,REGULAR,8,J. Brownlee,1,3pt,409,,,jumpshot,1,32,Justin,Brownlee,Justin,Brownlee,J,B,J,B,J. Brownlee
11:14,11:14:00,30,55,-25,1,3,REGULAR,7,S. Thompson,1,rebound,408,407,,defensive,0,9,Scottie,Thompson,Scottie,Thompson,S,T,S,T,S. Thompson
11:16,11:16:00,30,55,-25,2,3,REGULAR,16,S. Taylor Jr.,0,3pt,407,,,jumpshot,1,23,Steve,Taylor Jr.,Steve,Taylor Jr.,S,T,S,T,S. Taylor Jr.
11:37,11:37:00,30,55,-25,1,3,REGULAR,8,J. Brownlee,1,assist,406,405,,,0,32,Justin,Brownlee,Justin,Brownlee,J,B,J,B,J. Brownlee
11:37,11:37:00,30,55,-25,1,3,REGULAR,12,J. Malonzo,1,2pt,405,,,dunk,1,3,Jamie,Malonzo,Jamie,Malonzo,J,M,J,M,J. Malonzo
11:39,11:39:00,28,55,-27,1,3,REGULAR,8,J. Brownlee,1,rebound,404,403,,defensive,0,32,Justin,Brownlee,Justin,Brownlee,J,B,J,B,J. Brownlee
11:42,11:42:00,28,55,-27,2,3,REGULAR,9,A. Caracut,0,3pt,403,,,jumpshot,1,14,Andrei,Caracut,Andrei,Caracut,A,C,A,C,A. Caracut
11:48,11:48:00,28,55,-27,2,3,REGULAR,9,A. Caracut,1,rebound,402,401,,offensive,0,14,Andrei,Caracut,Andrei,Caracut,A,C,A,C,A. Caracut
11:50,11:50:00,28,55,-27,2,3,REGULAR,11,M. Nieto,0,3pt,401,,,jumpshot,1,7,Mike,Nieto,Mike,Nieto,M,N,M,N,M. Nieto
12:00,12:00:00,28,55,-27,0,3,REGULAR,0,,1,period,399,,,start,0,,NA,NA,NA,NA,NA,NA,NA,NA,NA
12:00,12:00:00,28,55,-27,2,3,REGULAR,9,A. Caracut,1,substitution,398,,,in,0,14,Andrei,Caracut,Andrei,Caracut,A,C,A,C,A. Caracut
12:00,12:00:00,28,55,-27,2,3,REGULAR,11,M. Nieto,1,substitution,397,,,in,0,7,Mike,Nieto,Mike,Nieto,M,N,M,N,M. Nieto
12:00,12:00:00,28,55,-27,2,3,REGULAR,4,R. Nambatac,1,substitution,395,,,out,0,27,Rey,Nambatac,Rey,Nambatac,R,N,R,N,R. Nambatac
12:00,12:00:00,28,55,-27,2,3,REGULAR,5,G. Norwood,1,substitution,396,,,in,0,5,Gabe,Norwood,Gabe,Norwood,G,N,G,N,G. Norwood
12:00,12:00:00,28,55,-27,2,3,REGULAR,8,A. Asistio,1,substitution,393,,,out,0,8,Anton,Asistio,Anton,Asistio,A,A,A,A,A. Asistio
12:00,12:00:00,28,55,-27,2,3,REGULAR,10,L. Santillan,1,substitution,394,,,out,0,25,Leonard,Santillan,Leonard,Santillan,L,S,L,S,L. Santillan
00:00,00:00:00,28,55,-27,0,2,REGULAR,0,,1,period,392,,,end,0,,NA,NA,NA,NA,NA,NA,NA,NA,NA
00:01,00:01:40,28,55,-27,2,2,REGULAR,16,S. Taylor Jr.,1,2pt,389,,,drivinglayup,1,23,Steve,Taylor Jr.,Steve,Taylor Jr.,S,T,S,T,S. Taylor Jr.
00:09,00:09:30,28,53,-25,2,2,REGULAR,0,,1,rebound,385,383,,defensive,0,,NA,NA,NA,NA,NA,NA,NA,NA,NA
00:10,00:10:10,28,53,-25,1,2,REGULAR,4,S. Pringle,0,2pt,383,,,jumpshot,1,11,Stanley Jr.,Pringle,Stanley Jr.,Pringle,S,P,S,P,S. Pringle
00:19,00:19:40,28,53,-25,1,2,REGULAR,4,S. Pringle,1,rebound,381,380,,defensive,0,11,Stanley Jr.,Pringle,Stanley Jr.,Pringle,S,P,S,P,S. Pringle
00:21,00:21:60,28,53,-25,2,2,REGULAR,4,R. Nambatac,0,2pt,380,,,drivinglayup,1,27,Rey,Nambatac,Rey,Nambatac,R,N,R,N,R. Nambatac
00:33,00:33:80,28,53,-25,2,2,REGULAR,8,A. Asistio,1,steal,379,378,,,0,8,Anton,Asistio,Anton,Asistio,A,A,A,A,A. Asistio
00:33,00:33:80,28,53,-25,1,2,REGULAR,4,S. Pringle,1,turnover,378,,,badpass,0,11,Stanley Jr.,Pringle,Stanley Jr.,Pringle,S,P,S,P,S. Pringle
00:34,00:34:40,28,53,-25,1,2,REGULAR,4,S. Pringle,1,rebound,377,376,,defensive,0,11,Stanley Jr.,Pringle,Stanley Jr.,Pringle,S,P,S,P,S. Pringle
00:37,00:37:90,28,53,-25,2,2,REGULAR,4,R. Nambatac,0,3pt,376,,,jumpshot,1,27,Rey,Nambatac,Rey,Nambatac,R,N,R,N,R. Nambatac
00:58,00:58:70,28,53,-25,1,2,REGULAR,7,S. Thompson,1,freethrow,374,,,2of2,1,9,Scottie,Thompson,Scottie,Thompson,S,T,S,T,S. Thompson
00:58,00:58:70,27,53,-26,1,2,REGULAR,7,S. Thompson,0,freethrow,373,,,1of2,1,9,Scottie,Thompson,Scottie,Thompson,S,T,S,T,S. Thompson
00:58,00:58:70,27,53,-26,1,2,REGULAR,7,S. Thompson,1,foulon,372,371,,,0,9,Scottie,Thompson,Scottie,Thompson,S,T,S,T,S. Thompson
00:58,00:58:70,27,53,-26,2,2,REGULAR,10,L. Santillan,1,foul,371,,,personal,0,25,Leonard,Santillan,Leonard,Santillan,L,S,L,S,L. Santillan
00:58,00:58:70,27,53,-26,1,2,REGULAR,7,S. Thompson,1,rebound,370,368,,offensive,0,9,Scottie,Thompson,Scottie,Thompson,S,T,S,T,S. Thompson
00:59,00:59:80,27,53,-26,1,2,REGULAR,8,J. Brownlee,0,3pt,368,,,jumpshot,1,32,Justin,Brownlee,Justin,Brownlee,J,B,J,B,J. Brownlee
01:07,01:07:00,27,53,-26,1,2,REGULAR,4,S. Pringle,1,foulon,366,365,,,0,11,Stanley Jr.,Pringle,Stanley Jr.,Pringle,S,P,S,P,S. Pringle
01:07,01:07:00,27,53,-26,2,2,REGULAR,4,R. Nambatac,1,foul,365,,,personal,0,27,Rey,Nambatac,Rey,Nambatac,R,N,R,N,R. Nambatac
01:16,01:16:00,27,53,-26,1,2,REGULAR,8,J. Brownlee,1,rebound,363,362,,offensive,0,32,Justin,Brownlee,Justin,Brownlee,J,B,J,B,J. Brownlee
01:18,01:18:00,27,53,-26,1,2,REGULAR,7,S. Thompson,0,3pt,362,,,jumpshot,1,9,Scottie,Thompson,Scottie,Thompson,S,T,S,T,S. Thompson
01:38,01:38:00,27,53,-26,2,2,REGULAR,16,S. Taylor Jr.,1,2pt,361,,,hookshot,1,23,Steve,Taylor Jr.,Steve,Taylor Jr.,S,T,S,T,S. Taylor Jr.
01:46,01:46:00,27,51,-24,2,2,REGULAR,6,B. Belga,1,rebound,360,359,,defensive,0,30,Beau,Belga,Beau,Belga,B,B,B,B,B. Belga
01:48,01:48:00,27,51,-24,1,2,REGULAR,12,J. Malonzo,0,2pt,359,,,drivinglayup,1,3,Jamie,Malonzo,Jamie,Malonzo,J,M,J,M,J. Malonzo
02:13,02:13:00,27,51,-24,2,2,REGULAR,16,S. Taylor Jr.,1,assist,358,357,,,0,23,Steve,Taylor Jr.,Steve,Taylor Jr.,S,T,S,T,S. Taylor Jr.
02:13,02:13:00,27,51,-24,2,2,REGULAR,8,A. Asistio,1,3pt,357,,,jumpshot,1,8,Anton,Asistio,Anton,Asistio,A,A,A,A,A. Asistio
02:34,02:34:00,27,48,-21,2,2,REGULAR,0,,1,rebound,356,355,,defensive,0,,NA,NA,NA,NA,NA,NA,NA,NA,NA
02:36,02:36:00,27,48,-21,1,2,REGULAR,2,J. Aguilar,0,2pt,355,,,jumpshot,1,25,Japeth,Aguilar,Japeth,Aguilar,J,A,J,A,J. Aguilar
02:39,02:39:00,27,48,-21,2,2,REGULAR,3,N. Torres,1,substitution,352,,,out,0,29,Norbert,Torres,Norbert,Torres,N,T,N,T,N. Torres
02:39,02:39:00,27,48,-21,2,2,REGULAR,6,B. Belga,1,substitution,353,,,in,0,30,Beau,Belga,Beau,Belga,B,B,B,B,B. Belga
02:39,02:39:00,27,48,-21,2,2,REGULAR,0,,1,timeout,351,,,full,0,,NA,NA,NA,NA,NA,NA,NA,NA,NA
02:39,02:39:00,27,48,-21,1,2,REGULAR,0,,1,timeout,350,,,full,0,,NA,NA,NA,NA,NA,NA,NA,NA,NA
02:40,02:40:00,27,48,-21,2,2,REGULAR,4,R. Nambatac,1,assist,349,346,,,0,27,Rey,Nambatac,Rey,Nambatac,R,N,R,N,R. Nambatac
02:40,02:40:00,27,48,-21,2,2,REGULAR,3,N. Torres,1,3pt,346,,,jumpshot,1,29,Norbert,Torres,Norbert,Torres,N,T,N,T,N. Torres
03:02,03:02:00,27,45,-18,2,2,REGULAR,16,S. Taylor Jr.,1,rebound,344,343,,defensive,0,23,Steve,Taylor Jr.,Steve,Taylor Jr.,S,T,S,T,S. Taylor Jr.
03:04,03:04:00,27,45,-18,1,2,REGULAR,12,J. Malonzo,0,3pt,343,,,jumpshot,1,3,Jamie,Malonzo,Jamie,Malonzo,J,M,J,M,J. Malonzo
03:07,03:07:00,27,45,-18,1,2,REGULAR,8,J. Brownlee,1,rebound,342,341,,offensive,0,32,Justin,Brownlee,Justin,Brownlee,J,B,J,B,J. Brownlee
03:09,03:09:00,27,45,-18,1,2,REGULAR,4,S. Pringle,0,3pt,341,,,jumpshot,1,11,Stanley Jr.,Pringle,Stanley Jr.,Pringle,S,P,S,P,S. Pringle
03:23,03:23:00,27,45,-18,2,2,REGULAR,4,R. Nambatac,1,assist,340,339,,,0,27,Rey,Nambatac,Rey,Nambatac,R,N,R,N,R. Nambatac
03:23,03:23:00,27,45,-18,2,2,REGULAR,8,A. Asistio,1,3pt,339,,,jumpshot,1,8,Anton,Asistio,Anton,Asistio,A,A,A,A,A. Asistio
03:41,03:41:00,27,42,-15,2,2,REGULAR,16,S. Taylor Jr.,1,foulon,337,336,,,0,23,Steve,Taylor Jr.,Steve,Taylor Jr.,S,T,S,T,S. Taylor Jr.
03:41,03:41:00,27,42,-15,1,2,REGULAR,12,J. Malonzo,1,foul,336,,,personal,0,3,Jamie,Malonzo,Jamie,Malonzo,J,M,J,M,J. Malonzo
03:41,03:41:00,27,42,-15,2,2,REGULAR,16,S. Taylor Jr.,1,rebound,335,333,,defensive,0,23,Steve,Taylor Jr.,Steve,Taylor Jr.,S,T,S,T,S. Taylor Jr.
03:42,03:42:00,27,42,-15,1,2,REGULAR,2,J. Aguilar,0,2pt,333,,,layup,1,25,Japeth,Aguilar,Japeth,Aguilar,J,A,J,A,J. Aguilar
03:42,03:42:00,27,42,-15,1,2,REGULAR,2,J. Aguilar,1,rebound,332,331,,offensive,0,25,Japeth,Aguilar,Japeth,Aguilar,J,A,J,A,J. Aguilar
03:45,03:45:00,27,42,-15,1,2,REGULAR,8,J. Brownlee,0,3pt,331,,,jumpshot,1,32,Justin,Brownlee,Justin,Brownlee,J,B,J,B,J. Brownlee
04:05,04:05:00,27,42,-15,2,2,REGULAR,3,N. Torres,1,2pt,330,,,jumpshot,1,29,Norbert,Torres,Norbert,Torres,N,T,N,T,N. Torres
04:25,04:25:00,27,40,-13,2,2,REGULAR,8,A. Asistio,1,steal,329,328,,,0,8,Anton,Asistio,Anton,Asistio,A,A,A,A,A. Asistio
04:25,04:25:00,27,40,-13,1,2,REGULAR,4,S. Pringle,1,turnover,328,,,badpass,0,11,Stanley Jr.,Pringle,Stanley Jr.,Pringle,S,P,S,P,S. Pringle
04:40,04:40:00,27,40,-13,2,2,REGULAR,4,R. Nambatac,1,freethrow,326,,,2of2,1,27,Rey,Nambatac,Rey,Nambatac,R,N,R,N,R. Nambatac
04:40,04:40:00,27,39,-12,2,2,REGULAR,4,R. Nambatac,0,freethrow,325,,,1of2,1,27,Rey,Nambatac,Rey,Nambatac,R,N,R,N,R. Nambatac
04:40,04:40:00,27,39,-12,2,2,REGULAR,4,R. Nambatac,1,foulon,324,323,,,0,27,Rey,Nambatac,Rey,Nambatac,R,N,R,N,R. Nambatac
04:40,04:40:00,27,39,-12,1,2,REGULAR,12,J. Malonzo,1,foul,323,,,personal,0,3,Jamie,Malonzo,Jamie,Malonzo,J,M,J,M,J. Malonzo
04:47,04:47:00,27,39,-12,2,2,REGULAR,0,,1,timeout,320,,,full,0,,NA,NA,NA,NA,NA,NA,NA,NA,NA
04:47,04:47:00,27,39,-12,2,2,REGULAR,3,N. Torres,1,foulon,319,318,,,0,29,Norbert,Torres,Norbert,Torres,N,T,N,T,N. Torres
04:47,04:47:00,27,39,-12,1,2,REGULAR,7,S. Thompson,1,foul,318,,,personal,0,9,Scottie,Thompson,Scottie,Thompson,S,T,S,T,S. Thompson
05:09,05:09:00,27,39,-12,2,2,REGULAR,0,,1,rebound,314,313,,defensive,0,,NA,NA,NA,NA,NA,NA,NA,NA,NA
05:11,05:11:00,27,39,-12,1,2,REGULAR,8,J. Brownlee,0,2pt,313,,,jumpshot,1,32,Justin,Brownlee,Justin,Brownlee,J,B,J,B,J. Brownlee
05:23,05:23:00,27,39,-12,1,2,REGULAR,0,,1,timeout,311,,,full,0,,NA,NA,NA,NA,NA,NA,NA,NA,NA
05:25,05:25:00,27,39,-12,2,2,REGULAR,4,R. Nambatac,1,assist,310,308,,,0,27,Rey,Nambatac,Rey,Nambatac,R,N,R,N,R. Nambatac
05:25,05:25:00,27,39,-12,2,2,REGULAR,3,N. Torres,1,3pt,308,,,jumpshot,1,29,Norbert,Torres,Norbert,Torres,N,T,N,T,N. Torres
05:34,05:34:00,27,36,-9,2,2,REGULAR,16,S. Taylor Jr.,1,rebound,307,306,,defensive,0,23,Steve,Taylor Jr.,Steve,Taylor Jr.,S,T,S,T,S. Taylor Jr.
05:37,05:37:00,27,36,-9,1,2,REGULAR,8,J. Brownlee,0,2pt,306,,,floatingjumpshot,1,32,Justin,Brownlee,Justin,Brownlee,J,B,J,B,J. Brownlee
05:47,05:47:00,27,36,-9,1,2,REGULAR,12,J. Malonzo,1,foulon,304,303,,,0,3,Jamie,Malonzo,Jamie,Malonzo,J,M,J,M,J. Malonzo
05:47,05:47:00,27,36,-9,2,2,REGULAR,8,A. Asistio,1,foul,303,,,personal,0,8,Anton,Asistio,Anton,Asistio,A,A,A,A,A. Asistio
05:55,05:55:00,27,36,-9,1,2,REGULAR,7,S. Thompson,1,rebound,300,299,,defensive,0,9,Scottie,Thompson,Scottie,Thompson,S,T,S,T,S. Thompson
05:57,05:57:00,27,36,-9,2,2,REGULAR,16,S. Taylor Jr.,0,2pt,299,,,jumpshot,1,23,Steve,Taylor Jr.,Steve,Taylor Jr.,S,T,S,T,S. Taylor Jr.
06:20,06:20:00,27,36,-9,1,2,REGULAR,8,J. Brownlee,1,2pt,298,,,jumpshot,1,32,Justin,Brownlee,Justin,Brownlee,J,B,J,B,J. Brownlee
06:20,06:20:00,25,36,-11,1,2,REGULAR,2,J. Aguilar,1,rebound,297,296,,defensive,0,25,Japeth,Aguilar,Japeth,Aguilar,J,A,J,A,J. Aguilar
06:24,06:24:00,25,36,-11,2,2,REGULAR,8,A. Asistio,0,3pt,296,,,jumpshot,1,8,Anton,Asistio,Anton,Asistio,A,A,A,A,A. Asistio
06:44,06:44:00,25,36,-11,1,2,REGULAR,12,J. Malonzo,1,turnover,293,,,badpass,0,3,Jamie,Malonzo,Jamie,Malonzo,J,M,J,M,J. Malonzo
06:57,06:57:00,25,36,-11,2,2,REGULAR,10,L. Santillan,1,3pt,292,,,jumpshot,1,25,Leonard,Santillan,Leonard,Santillan,L,S,L,S,L. Santillan
07:03,07:03:00,25,33,-8,1,2,REGULAR,7,S. Thompson,1,turnover,291,,,badpass,0,9,Scottie,Thompson,Scottie,Thompson,S,T,S,T,S. Thompson
07:21,07:21:00,25,33,-8,1,2,REGULAR,10,C. Standhardinger,1,substitution,288,,,out,0,34,Christian,Standhardinger,Christian,Standhardinger,C,S,C,S,C. Standhardinger
07:21,07:21:00,25,33,-8,1,2,REGULAR,12,J. Malonzo,1,substitution,289,,,in,0,3,Jamie,Malonzo,Jamie,Malonzo,J,M,J,M,J. Malonzo
07:21,07:21:00,25,33,-8,2,2,REGULAR,1,M. Borboran,1,substitution,286,,,out,0,16,Mark Anthony,Borboran,Mark Anthony,Borboran,M,B,M,B,M. Borboran
07:21,07:21:00,25,33,-8,2,2,REGULAR,4,R. Nambatac,1,substitution,287,,,in,0,27,Rey,Nambatac,Rey,Nambatac,R,N,R,N,R. Nambatac
07:21,07:21:00,25,33,-8,1,2,REGULAR,0,,1,timeout,285,,,full,0,,NA,NA,NA,NA,NA,NA,NA,NA,NA
07:33,07:33:00,25,33,-8,2,2,REGULAR,1,M. Borboran,1,2pt,283,,,pullupjumpshot,1,16,Mark Anthony,Borboran,Mark Anthony,Borboran,M,B,M,B,M. Borboran
07:45,07:45:00,25,31,-6,2,2,REGULAR,3,N. Torres,1,rebound,282,280,,defensive,0,29,Norbert,Torres,Norbert,Torres,N,T,N,T,N. Torres
07:47,07:47:00,25,31,-6,1,2,REGULAR,7,S. Thompson,0,2pt,280,,,drivinglayup,1,9,Scottie,Thompson,Scottie,Thompson,S,T,S,T,S. Thompson
07:47,07:47:00,25,31,-6,1,2,REGULAR,4,S. Pringle,1,foulon,279,278,,,0,11,Stanley Jr.,Pringle,Stanley Jr.,Pringle,S,P,S,P,S. Pringle
07:47,07:47:00,25,31,-6,2,2,REGULAR,1,M. Borboran,1,foul,278,,,personal,0,16,Mark Anthony,Borboran,Mark Anthony,Borboran,M,B,M,B,M. Borboran
08:00,08:00:00,25,31,-6,1,2,REGULAR,10,C. Standhardinger,1,rebound,274,273,,defensive,0,34,Christian,Standhardinger,Christian,Standhardinger,C,S,C,S,C. Standhardinger
08:04,08:04:00,25,31,-6,2,2,REGULAR,10,L. Santillan,0,3pt,273,,,jumpshot,1,25,Leonard,Santillan,Leonard,Santillan,L,S,L,S,L. Santillan
08:20,08:20:00,25,31,-6,2,2,REGULAR,9,A. Caracut,1,substitution,270,,,out,0,14,Andrei,Caracut,Andrei,Caracut,A,C,A,C,A. Caracut
08:20,08:20:00,25,31,-6,2,2,REGULAR,8,A. Asistio,1,substitution,271,,,in,0,8,Anton,Asistio,Anton,Asistio,A,A,A,A,A. Asistio
08:20,08:20:00,25,31,-6,2,2,REGULAR,11,M. Nieto,1,substitution,268,,,out,0,7,Mike,Nieto,Mike,Nieto,M,N,M,N,M. Nieto
08:20,08:20:00,25,31,-6,2,2,REGULAR,16,S. Taylor Jr.,1,substitution,269,,,in,0,23,Steve,Taylor Jr.,Steve,Taylor Jr.,S,T,S,T,S. Taylor Jr.
08:20,08:20:00,25,31,-6,1,2,REGULAR,4,S. Pringle,1,substitution,267,,,in,0,11,Stanley Jr.,Pringle,Stanley Jr.,Pringle,S,P,S,P,S. Pringle
08:20,08:20:00,25,31,-6,1,2,REGULAR,7,S. Thompson,1,substitution,266,,,in,0,9,Scottie,Thompson,Scottie,Thompson,S,T,S,T,S. Thompson
08:20,08:20:00,25,31,-6,1,2,REGULAR,1,L. Tenorio,1,substitution,264,,,out,0,5,Lewis Alfred,Tenorio,Lewis Alfred,Tenorio,L,T,L,T,L. Tenorio
08:20,08:20:00,25,31,-6,1,2,REGULAR,9,V. Pessumal,1,substitution,265,,,out,0,19,Von,Pessumal,Von,Pessumal,V,P,V,P,V. Pessumal
08:20,08:20:00,25,31,-6,2,2,REGULAR,11,M. Nieto,1,rebound,263,261,,defensive,0,7,Mike,Nieto,Mike,Nieto,M,N,M,N,M. Nieto
08:25,08:25:00,25,31,-6,1,2,REGULAR,1,L. Tenorio,0,3pt,261,,,jumpshot,1,5,Lewis Alfred,Tenorio,Lewis Alfred,Tenorio,L,T,L,T,L. Tenorio
08:32,08:32:00,25,31,-6,1,2,REGULAR,10,C. Standhardinger,1,rebound,260,259,,defensive,0,34,Christian,Standhardinger,Christian,Standhardinger,C,S,C,S,C. Standhardinger
08:34,08:34:00,25,31,-6,2,2,REGULAR,11,M. Nieto,0,3pt,259,,,jumpshot,1,7,Mike,Nieto,Mike,Nieto,M,N,M,N,M. Nieto
08:47,08:47:00,25,31,-6,1,2,REGULAR,8,J. Brownlee,1,assist,258,257,,,0,32,Justin,Brownlee,Justin,Brownlee,J,B,J,B,J. Brownlee
08:47,08:47:00,25,31,-6,1,2,REGULAR,10,C. Standhardinger,1,2pt,257,,,drivinglayup,1,34,Christian,Standhardinger,Christian,Standhardinger,C,S,C,S,C. Standhardinger
09:08,09:08:00,23,31,-8,2,2,REGULAR,1,M. Borboran,1,assist,256,255,,,0,16,Mark Anthony,Borboran,Mark Anthony,Borboran,M,B,M,B,M. Borboran
09:08,09:08:00,23,31,-8,2,2,REGULAR,10,L. Santillan,1,3pt,255,,,jumpshot,1,25,Leonard,Santillan,Leonard,Santillan,L,S,L,S,L. Santillan
09:10,09:10:00,23,28,-5,2,2,REGULAR,1,M. Borboran,1,rebound,254,253,,offensive,0,16,Mark Anthony,Borboran,Mark Anthony,Borboran,M,B,M,B,M. Borboran
09:12,09:12:00,23,28,-5,2,2,REGULAR,9,A. Caracut,0,3pt,253,,,jumpshot,1,14,Andrei,Caracut,Andrei,Caracut,A,C,A,C,A. Caracut
09:31,09:31:00,23,28,-5,2,2,REGULAR,2,J. Ponferrada,1,substitution,250,,,out,0,15,Jewel,Ponferada,Jewel,Ponferrada,J,P,J,P,J. Ponferada
09:31,09:31:00,23,28,-5,2,2,REGULAR,3,N. Torres,1,substitution,251,,,in,0,29,Norbert,Torres,Norbert,Torres,N,T,N,T,N. Torres
09:31,09:31:00,23,28,-5,1,2,REGULAR,13,A. Mariano,1,substitution,248,,,out,0,31,Aljon,Mariano,Aljon,Mariano,A,M,A,M,A. Mariano
09:31,09:31:00,23,28,-5,1,2,REGULAR,8,J. Brownlee,1,substitution,249,,,in,0,32,Justin,Brownlee,Justin,Brownlee,J,B,J,B,J. Brownlee
09:31,09:31:00,23,28,-5,1,2,REGULAR,2,J. Aguilar,1,turnover,247,,,outofbounds,0,25,Japeth,Aguilar,Japeth,Aguilar,J,A,J,A,J. Aguilar
09:53,09:53:00,23,28,-5,2,2,REGULAR,2,J. Ponferrada,1,freethrow,244,,,2of2,1,15,Jewel,Ponferada,Jewel,Ponferrada,J,P,J,P,J. Ponferada
09:53,09:53:00,23,27,-4,2,2,REGULAR,2,J. Ponferrada,0,freethrow,243,,,1of2,1,15,Jewel,Ponferada,Jewel,Ponferrada,J,P,J,P,J. Ponferada
09:53,09:53:00,23,27,-4,2,2,REGULAR,2,J. Ponferrada,1,foulon,242,241,,,0,15,Jewel,Ponferada,Jewel,Ponferrada,J,P,J,P,J. Ponferada
09:53,09:53:00,23,27,-4,1,2,REGULAR,13,A. Mariano,1,foul,241,,,personal,0,31,Aljon,Mariano,Aljon,Mariano,A,M,A,M,A. Mariano
10:06,10:06:00,23,27,-4,2,2,REGULAR,10,L. Santillan,1,rebound,239,238,,defensive,0,25,Leonard,Santillan,Leonard,Santillan,L,S,L,S,L. Santillan
10:09,10:09:00,23,27,-4,1,2,REGULAR,10,C. Standhardinger,0,2pt,238,,,layup,1,34,Christian,Standhardinger,Christian,Standhardinger,C,S,C,S,C. Standhardinger
10:19,10:19:00,23,27,-4,2,2,REGULAR,9,A. Caracut,1,turnover,236,,,badpass,0,14,Andrei,Caracut,Andrei,Caracut,A,C,A,C,A. Caracut
10:33,10:33:00,23,27,-4,1,2,REGULAR,8,J. Brownlee,1,substitution,232,,,out,0,32,Justin,Brownlee,Justin,Brownlee,J,B,J,B,J. Brownlee
10:33,10:33:00,23,27,-4,1,2,REGULAR,2,J. Aguilar,1,substitution,233,,,in,0,25,Japeth,Aguilar,Japeth,Aguilar,J,A,J,A,J. Aguilar
10:33,10:33:00,23,27,-4,2,2,REGULAR,11,M. Nieto,1,foulon,231,230,,,0,7,Mike,Nieto,Mike,Nieto,M,N,M,N,M. Nieto
10:33,10:33:00,23,27,-4,1,2,REGULAR,9,V. Pessumal,1,foul,230,,,personal,0,19,Von,Pessumal,Von,Pessumal,V,P,V,P,V. Pessumal
10:33,10:33:00,23,27,-4,2,2,REGULAR,2,J. Ponferrada,1,rebound,229,227,,defensive,0,15,Jewel,Ponferada,Jewel,Ponferrada,J,P,J,P,J. Ponferada
10:37,10:37:00,23,27,-4,1,2,REGULAR,10,C. Standhardinger,0,2pt,227,,,layup,1,34,Christian,Standhardinger,Christian,Standhardinger,C,S,C,S,C. Standhardinger
10:37,10:37:00,23,27,-4,1,2,REGULAR,8,J. Brownlee,1,rebound,226,225,,defensive,0,32,Justin,Brownlee,Justin,Brownlee,J,B,J,B,J. Brownlee
10:40,10:40:00,23,27,-4,2,2,REGULAR,2,J. Ponferrada,0,3pt,225,,,jumpshot,1,15,Jewel,Ponferada,Jewel,Ponferrada,J,P,J,P,J. Ponferada
10:55,10:55:00,23,27,-4,2,2,REGULAR,1,M. Borboran,1,rebound,224,223,,defensive,0,16,Mark Anthony,Borboran,Mark Anthony,Borboran,M,B,M,B,M. Borboran
10:58,10:58:00,23,27,-4,1,2,REGULAR,8,J. Brownlee,0,2pt,223,,,floatingjumpshot,1,32,Justin,Brownlee,Justin,Brownlee,J,B,J,B,J. Brownlee
11:04,11:04:00,23,27,-4,1,2,REGULAR,10,C. Standhardinger,1,rebound,222,220,,defensive,0,34,Christian,Standhardinger,Christian,Standhardinger,C,S,C,S,C. Standhardinger
11:08,11:08:00,23,27,-4,1,2,REGULAR,13,A. Mariano,1,block,221,220,,,0,31,Aljon,Mariano,Aljon,Mariano,A,M,A,M,A. Mariano
11:08,11:08:00,23,27,-4,2,2,REGULAR,10,L. Santillan,0,2pt,220,,,layup,1,25,Leonard,Santillan,Leonard,Santillan,L,S,L,S,L. Santillan
11:09,11:09:00,23,27,-4,2,2,REGULAR,10,L. Santillan,1,rebound,219,218,,offensive,0,25,Leonard,Santillan,Leonard,Santillan,L,S,L,S,L. Santillan
11:11,11:11:00,23,27,-4,2,2,REGULAR,9,A. Caracut,0,3pt,218,,,jumpshot,1,14,Andrei,Caracut,Andrei,Caracut,A,C,A,C,A. Caracut
11:17,11:17:00,23,27,-4,2,2,REGULAR,11,M. Nieto,1,rebound,217,216,,defensive,0,7,Mike,Nieto,Mike,Nieto,M,N,M,N,M. Nieto
11:19,11:19:00,23,27,-4,1,2,REGULAR,13,A. Mariano,0,2pt,216,,,drivinglayup,1,31,Aljon,Mariano,Aljon,Mariano,A,M,A,M,A. Mariano
11:26,11:26:00,23,27,-4,1,2,REGULAR,10,C. Standhardinger,1,rebound,215,214,,offensive,0,34,Christian,Standhardinger,Christian,Standhardinger,C,S,C,S,C. Standhardinger
11:28,11:28:00,23,27,-4,1,2,REGULAR,8,J. Brownlee,0,2pt,214,,,jumpshot,1,32,Justin,Brownlee,Justin,Brownlee,J,B,J,B,J. Brownlee
11:49,11:49:00,23,27,-4,2,2,REGULAR,9,A. Caracut,1,2pt,213,,,floatingjumpshot,1,14,Andrei,Caracut,Andrei,Caracut,A,C,A,C,A. Caracut
12:00,12:00:00,23,25,-2,0,2,REGULAR,0,,1,period,211,,,start,0,,NA,NA,NA,NA,NA,NA,NA,NA,NA
12:00,12:00:00,23,25,-2,2,2,REGULAR,16,S. Taylor Jr.,1,substitution,209,,,out,0,23,Steve,Taylor Jr.,Steve,Taylor Jr.,S,T,S,T,S. Taylor Jr.
12:00,12:00:00,23,25,-2,2,2,REGULAR,10,L. Santillan,1,substitution,210,,,in,0,25,Leonard,Santillan,Leonard,Santillan,L,S,L,S,L. Santillan
00:00,00:00:00,23,25,-2,0,1,REGULAR,0,,1,period,208,,,end,0,,NA,NA,NA,NA,NA,NA,NA,NA,NA
00:00,00:00:70,23,25,-2,1,1,REGULAR,1,L. Tenorio,0,3pt,205,,,pullupjumpshot,1,5,Lewis Alfred,Tenorio,Lewis Alfred,Tenorio,L,T,L,T,L. Tenorio
00:02,00:02:40,23,25,-2,2,1,REGULAR,16,S. Taylor Jr.,1,3pt,202,,,jumpshot,1,23,Steve,Taylor Jr.,Steve,Taylor Jr.,S,T,S,T,S. Taylor Jr.
00:16,00:16:20,23,22,1,1,1,REGULAR,8,J. Brownlee,1,assist,199,198,,,0,32,Justin,Brownlee,Justin,Brownlee,J,B,J,B,J. Brownlee
00:16,00:16:20,23,22,1,1,1,REGULAR,10,C. Standhardinger,1,2pt,198,,,drivinglayup,1,34,Christian,Standhardinger,Christian,Standhardinger,C,S,C,S,C. Standhardinger
00:25,00:25:20,21,22,-1,1,1,REGULAR,9,V. Pessumal,1,rebound,196,195,,offensive,0,19,Von,Pessumal,Von,Pessumal,V,P,V,P,V. Pessumal
00:27,00:27:10,21,22,-1,1,1,REGULAR,1,L. Tenorio,0,3pt,195,,,jumpshot,1,5,Lewis Alfred,Tenorio,Lewis Alfred,Tenorio,L,T,L,T,L. Tenorio
00:35,00:35:40,21,22,-1,1,1,REGULAR,1,L. Tenorio,1,rebound,194,193,,defensive,0,5,Lewis Alfred,Tenorio,Lewis Alfred,Tenorio,L,T,L,T,L. Tenorio
00:37,00:37:30,21,22,-1,2,1,REGULAR,11,M. Nieto,0,3pt,193,,,jumpshot,1,7,Mike,Nieto,Mike,Nieto,M,N,M,N,M. Nieto
00:43,00:43:60,21,22,-1,2,1,REGULAR,11,M. Nieto,1,steal,192,191,,,0,7,Mike,Nieto,Mike,Nieto,M,N,M,N,M. Nieto
00:43,00:43:60,21,22,-1,1,1,REGULAR,1,L. Tenorio,1,turnover,191,,,ballhandling,0,5,Lewis Alfred,Tenorio,Lewis Alfred,Tenorio,L,T,L,T,L. Tenorio
01:04,01:04:00,21,22,-1,2,1,REGULAR,16,S. Taylor Jr.,1,assist,189,188,,,0,23,Steve,Taylor Jr.,Steve,Taylor Jr.,S,T,S,T,S. Taylor Jr.
01:04,01:04:00,21,22,-1,2,1,REGULAR,11,M. Nieto,1,freethrow,188,,,2of2,1,7,Mike,Nieto,Mike,Nieto,M,N,M,N,M. Nieto
01:04,01:04:00,21,21,0,2,1,REGULAR,11,M. Nieto,0,freethrow,187,,,1of2,1,7,Mike,Nieto,Mike,Nieto,M,N,M,N,M. Nieto
01:04,01:04:00,21,21,0,2,1,REGULAR,11,M. Nieto,1,foulon,186,185,,,0,7,Mike,Nieto,Mike,Nieto,M,N,M,N,M. Nieto
01:04,01:04:00,21,21,0,1,1,REGULAR,9,V. Pessumal,1,foul,185,,,personal,0,19,Von,Pessumal,Von,Pessumal,V,P,V,P,V. Pessumal
01:09,01:09:00,21,21,0,2,1,REGULAR,16,S. Taylor Jr.,1,rebound,183,182,,defensive,0,23,Steve,Taylor Jr.,Steve,Taylor Jr.,S,T,S,T,S. Taylor Jr.
01:11,01:11:00,21,21,0,1,1,REGULAR,9,V. Pessumal,0,3pt,182,,,jumpshot,1,19,Von,Pessumal,Von,Pessumal,V,P,V,P,V. Pessumal
01:22,01:22:00,21,21,0,1,1,REGULAR,13,A. Mariano,1,foulon,180,179,,,0,31,Aljon,Mariano,Aljon,Mariano,A,M,A,M,A. Mariano
01:22,01:22:00,21,21,0,2,1,REGULAR,2,J. Ponferrada,1,foul,179,,,personal,0,15,Jewel,Ponferada,Jewel,Ponferrada,J,P,J,P,J. Ponferada
01:22,01:22:00,21,21,0,1,1,REGULAR,13,A. Mariano,1,rebound,177,175,,offensive,0,31,Aljon,Mariano,Aljon,Mariano,A,M,A,M,A. Mariano
01:22,01:22:00,21,21,0,1,1,REGULAR,8,J. Brownlee,0,freethrow,175,,,2of2,1,32,Justin,Brownlee,Justin,Brownlee,J,B,J,B,J. Brownlee
01:22,01:22:00,21,21,0,1,1,REGULAR,12,J. Malonzo,1,substitution,173,,,out,0,3,Jamie,Malonzo,Jamie,Malonzo,J,M,J,M,J. Malonzo
01:22,01:22:00,21,21,0,1,1,REGULAR,13,A. Mariano,1,substitution,174,,,in,0,31,Aljon,Mariano,Aljon,Mariano,A,M,A,M,A. Mariano
01:22,01:22:00,21,21,0,1,1,REGULAR,8,J. Brownlee,1,freethrow,172,,,1of2,1,32,Justin,Brownlee,Justin,Brownlee,J,B,J,B,J. Brownlee
01:22,01:22:00,20,21,-1,1,1,REGULAR,8,J. Brownlee,1,foulon,171,170,,,0,32,Justin,Brownlee,Justin,Brownlee,J,B,J,B,J. Brownlee
01:22,01:22:00,20,21,-1,2,1,REGULAR,2,J. Ponferrada,1,foul,170,,,personal,0,15,Jewel,Ponferada,Jewel,Ponferrada,J,P,J,P,J. Ponferada
01:41,01:41:00,20,21,-1,2,1,REGULAR,9,A. Caracut,1,assist,168,167,,,0,14,Andrei,Caracut,Andrei,Caracut,A,C,A,C,A. Caracut
01:41,01:41:00,20,21,-1,2,1,REGULAR,11,M. Nieto,1,3pt,167,,,jumpshot,1,7,Mike,Nieto,Mike,Nieto,M,N,M,N,M. Nieto
01:48,01:48:00,20,18,2,2,1,REGULAR,1,M. Borboran,1,steal,166,165,,,0,16,Mark Anthony,Borboran,Mark Anthony,Borboran,M,B,M,B,M. Borboran
01:48,01:48:00,20,18,2,1,1,REGULAR,9,V. Pessumal,1,turnover,165,,,badpass,0,19,Von,Pessumal,Von,Pessumal,V,P,V,P,V. Pessumal
01:59,01:59:00,20,18,2,1,1,REGULAR,0,,1,rebound,163,159,,defensive,0,,NA,NA,NA,NA,NA,NA,NA,NA,NA
02:01,02:01:00,20,18,2,2,1,REGULAR,9,A. Caracut,0,2pt,159,,,jumpshot,1,14,Andrei,Caracut,Andrei,Caracut,A,C,A,C,A. Caracut
02:13,02:13:00,20,18,2,1,1,REGULAR,0,,1,turnover,157,,,24sec,0,,NA,NA,NA,NA,NA,NA,NA,NA,NA
02:13,02:13:00,20,18,2,1,1,REGULAR,9,V. Pessumal,0,3pt,156,,,jumpshot,1,19,Von,Pessumal,Von,Pessumal,V,P,V,P,V. Pessumal
02:41,02:41:00,20,18,2,2,1,REGULAR,9,A. Caracut,1,assist,152,151,,,0,14,Andrei,Caracut,Andrei,Caracut,A,C,A,C,A. Caracut
02:41,02:41:00,20,18,2,2,1,REGULAR,16,S. Taylor Jr.,1,3pt,151,,,jumpshot,1,23,Steve,Taylor Jr.,Steve,Taylor Jr.,S,T,S,T,S. Taylor Jr.
02:43,02:43:00,20,15,5,1,1,REGULAR,0,,1,timeout,149,,,full,0,,NA,NA,NA,NA,NA,NA,NA,NA,NA
02:59,02:59:00,20,15,5,1,1,REGULAR,12,J. Malonzo,1,2pt,147,,,layup,1,3,Jamie,Malonzo,Jamie,Malonzo,J,M,J,M,J. Malonzo
03:00,03:00:00,18,15,3,1,1,REGULAR,12,J. Malonzo,1,rebound,146,145,,offensive,0,3,Jamie,Malonzo,Jamie,Malonzo,J,M,J,M,J. Malonzo
03:02,03:02:00,18,15,3,1,1,REGULAR,10,C. Standhardinger,0,2pt,145,,,layup,1,34,Christian,Standhardinger,Christian,Standhardinger,C,S,C,S,C. Standhardinger
03:03,03:03:00,18,15,3,1,1,REGULAR,10,C. Standhardinger,1,rebound,144,143,,offensive,0,34,Christian,Standhardinger,Christian,Standhardinger,C,S,C,S,C. Standhardinger
03:07,03:07:00,18,15,3,1,1,REGULAR,10,C. Standhardinger,0,2pt,143,,,layup,1,34,Christian,Standhardinger,Christian,Standhardinger,C,S,C,S,C. Standhardinger
03:19,03:19:00,18,15,3,1,1,REGULAR,10,C. Standhardinger,1,rebound,142,141,,defensive,0,34,Christian,Standhardinger,Christian,Standhardinger,C,S,C,S,C. Standhardinger
03:21,03:21:00,18,15,3,2,1,REGULAR,11,M. Nieto,0,3pt,141,,,jumpshot,1,7,Mike,Nieto,Mike,Nieto,M,N,M,N,M. Nieto
03:40,03:40:00,18,15,3,2,1,REGULAR,4,R. Nambatac,1,substitution,138,,,out,0,27,Rey,Nambatac,Rey,Nambatac,R,N,R,N,R. Nambatac
03:40,03:40:00,18,15,3,2,1,REGULAR,9,A. Caracut,1,substitution,139,,,in,0,14,Andrei,Caracut,Andrei,Caracut,A,C,A,C,A. Caracut
03:40,03:40:00,18,15,3,1,1,REGULAR,7,S. Thompson,1,substitution,136,,,out,0,9,Scottie,Thompson,Scottie,Thompson,S,T,S,T,S. Thompson
03:40,03:40:00,18,15,3,1,1,REGULAR,9,V. Pessumal,1,substitution,137,,,in,0,19,Von,Pessumal,Von,Pessumal,V,P,V,P,V. Pessumal
03:40,03:40:00,18,15,3,2,1,REGULAR,1,M. Borboran,1,steal,135,134,,,0,16,Mark Anthony,Borboran,Mark Anthony,Borboran,M,B,M,B,M. Borboran
03:40,03:40:00,18,15,3,1,1,REGULAR,12,J. Malonzo,1,turnover,134,,,ballhandling,0,3,Jamie,Malonzo,Jamie,Malonzo,J,M,J,M,J. Malonzo
03:44,03:44:00,18,15,3,1,1,REGULAR,1,L. Tenorio,1,rebound,130,129,,defensive,0,5,Lewis Alfred,Tenorio,Lewis Alfred,Tenorio,L,T,L,T,L. Tenorio
03:47,03:47:00,18,15,3,2,1,REGULAR,1,M. Borboran,0,2pt,129,,,turnaroundjumpshot,1,16,Mark Anthony,Borboran,Mark Anthony,Borboran,M,B,M,B,M. Borboran
04:01,04:01:00,18,15,3,1,1,REGULAR,8,J. Brownlee,1,freethrow,127,,,2of2,1,32,Justin,Brownlee,Justin,Brownlee,J,B,J,B,J. Brownlee
04:01,04:01:00,17,15,2,2,1,REGULAR,6,B. Belga,1,substitution,125,,,out,0,30,Beau,Belga,Beau,Belga,B,B,B,B,B. Belga
04:01,04:01:00,17,15,2,2,1,REGULAR,16,S. Taylor Jr.,1,substitution,126,,,in,0,23,Steve,Taylor Jr.,Steve,Taylor Jr.,S,T,S,T,S. Taylor Jr.
04:01,04:01:00,17,15,2,1,1,REGULAR,8,J. Brownlee,0,freethrow,124,,,1of2,1,32,Justin,Brownlee,Justin,Brownlee,J,B,J,B,J. Brownlee
04:01,04:01:00,17,15,2,1,1,REGULAR,8,J. Brownlee,1,foulon,123,122,,,0,32,Justin,Brownlee,Justin,Brownlee,J,B,J,B,J. Brownlee
04:01,04:01:00,17,15,2,2,1,REGULAR,6,B. Belga,1,foul,122,,,personal,0,30,Beau,Belga,Beau,Belga,B,B,B,B,B. Belga
04:21,04:21:00,17,15,2,2,1,REGULAR,11,M. Nieto,1,assist,120,119,,,0,7,Mike,Nieto,Mike,Nieto,M,N,M,N,M. Nieto
04:21,04:21:00,17,15,2,2,1,REGULAR,6,B. Belga,1,3pt,119,,,jumpshot,1,30,Beau,Belga,Beau,Belga,B,B,B,B,B. Belga
04:28,04:28:00,17,12,5,1,1,REGULAR,7,S. Thompson,1,turnover,117,,,badpass,0,9,Scottie,Thompson,Scottie,Thompson,S,T,S,T,S. Thompson
04:39,04:39:00,17,12,5,1,1,REGULAR,7,S. Thompson,1,rebound,115,114,,defensive,0,9,Scottie,Thompson,Scottie,Thompson,S,T,S,T,S. Thompson
04:41,04:41:00,17,12,5,2,1,REGULAR,2,J. Ponferrada,0,3pt,114,,,jumpshot,1,15,Jewel,Ponferada,Jewel,Ponferrada,J,P,J,P,J. Ponferada
04:48,04:48:00,17,12,5,2,1,REGULAR,1,M. Borboran,1,substitution,112,,,in,0,16,Mark Anthony,Borboran,Mark Anthony,Borboran,M,B,M,B,M. Borboran
04:48,04:48:00,17,12,5,2,1,REGULAR,2,J. Ponferrada,1,substitution,111,,,in,0,15,Jewel,Ponferada,Jewel,Ponferrada,J,P,J,P,J. Ponferada
04:48,04:48:00,17,12,5,2,1,REGULAR,3,N. Torres,1,substitution,109,,,out,0,29,Norbert,Torres,Norbert,Torres,N,T,N,T,N. Torres
04:48,04:48:00,17,12,5,2,1,REGULAR,11,M. Nieto,1,substitution,110,,,in,0,7,Mike,Nieto,Mike,Nieto,M,N,M,N,M. Nieto
04:48,04:48:00,17,12,5,2,1,REGULAR,5,G. Norwood,1,substitution,107,,,out,0,5,Gabe,Norwood,Gabe,Norwood,G,N,G,N,G. Norwood
04:48,04:48:00,17,12,5,2,1,REGULAR,16,S. Taylor Jr.,1,substitution,108,,,out,0,23,Steve,Taylor Jr.,Steve,Taylor Jr.,S,T,S,T,S. Taylor Jr.
04:48,04:48:00,17,12,5,1,1,REGULAR,4,S. Pringle,1,substitution,105,,,out,0,11,Stanley Jr.,Pringle,Stanley Jr.,Pringle,S,P,S,P,S. Pringle
04:48,04:48:00,17,12,5,1,1,REGULAR,1,L. Tenorio,1,substitution,106,,,in,0,5,Lewis Alfred,Tenorio,Lewis Alfred,Tenorio,L,T,L,T,L. Tenorio
04:48,04:48:00,17,12,5,2,1,REGULAR,4,R. Nambatac,1,foulon,104,103,,,0,27,Rey,Nambatac,Rey,Nambatac,R,N,R,N,R. Nambatac
04:48,04:48:00,17,12,5,1,1,REGULAR,7,S. Thompson,1,foul,103,,,personal,0,9,Scottie,Thompson,Scottie,Thompson,S,T,S,T,S. Thompson
05:05,05:05:00,17,12,5,2,1,REGULAR,3,N. Torres,1,rebound,101,100,,defensive,0,29,Norbert,Torres,Norbert,Torres,N,T,N,T,N. Torres
05:07,05:07:00,17,12,5,1,1,REGULAR,8,J. Brownlee,0,2pt,100,,,pullupjumpshot,1,32,Justin,Brownlee,Justin,Brownlee,J,B,J,B,J. Brownlee
05:13,05:13:00,17,12,5,1,1,REGULAR,7,S. Thompson,1,rebound,99,98,,defensive,0,9,Scottie,Thompson,Scottie,Thompson,S,T,S,T,S. Thompson
05:15,05:15:00,17,12,5,2,1,REGULAR,16,S. Taylor Jr.,0,3pt,98,,,jumpshot,1,23,Steve,Taylor Jr.,Steve,Taylor Jr.,S,T,S,T,S. Taylor Jr.
05:32,05:32:00,17,12,5,1,1,REGULAR,7,S. Thompson,1,assist,97,96,,,0,9,Scottie,Thompson,Scottie,Thompson,S,T,S,T,S. Thompson
05:32,05:32:00,17,12,5,1,1,REGULAR,12,J. Malonzo,1,2pt,96,,,drivinglayup,1,3,Jamie,Malonzo,Jamie,Malonzo,J,M,J,M,J. Malonzo
05:37,05:37:00,15,12,3,1,1,REGULAR,8,J. Brownlee,1,rebound,95,94,,defensive,0,32,Justin,Brownlee,Justin,Brownlee,J,B,J,B,J. Brownlee
05:39,05:39:00,15,12,3,2,1,REGULAR,4,R. Nambatac,0,2pt,94,,,jumpshot,1,27,Rey,Nambatac,Rey,Nambatac,R,N,R,N,R. Nambatac
05:59,05:59:00,15,12,3,1,1,REGULAR,12,J. Malonzo,1,2pt,93,,,layup,1,3,Jamie,Malonzo,Jamie,Malonzo,J,M,J,M,J. Malonzo
05:59,05:59:00,13,12,1,1,1,REGULAR,12,J. Malonzo,1,rebound,92,91,,offensive,0,3,Jamie,Malonzo,Jamie,Malonzo,J,M,J,M,J. Malonzo
06:02,06:02:00,13,12,1,1,1,REGULAR,7,S. Thompson,0,3pt,91,,,jumpshot,1,9,Scottie,Thompson,Scottie,Thompson,S,T,S,T,S. Thompson
06:06,06:06:00,13,12,1,1,1,REGULAR,12,J. Malonzo,1,rebound,90,89,,offensive,0,3,Jamie,Malonzo,Jamie,Malonzo,J,M,J,M,J. Malonzo
06:08,06:08:00,13,12,1,1,1,REGULAR,8,J. Brownlee,0,3pt,89,,,jumpshot,1,32,Justin,Brownlee,Justin,Brownlee,J,B,J,B,J. Brownlee
06:26,06:26:00,13,12,1,1,1,REGULAR,8,J. Brownlee,1,rebound,88,86,,defensive,0,32,Justin,Brownlee,Justin,Brownlee,J,B,J,B,J. Brownlee
06:26,06:26:00,13,12,1,2,1,REGULAR,16,S. Taylor Jr.,0,freethrow,86,,,1of1,1,23,Steve,Taylor Jr.,Steve,Taylor Jr.,S,T,S,T,S. Taylor Jr.
06:26,06:26:00,13,12,1,1,1,REGULAR,2,J. Aguilar,1,substitution,84,,,out,0,25,Japeth,Aguilar,Japeth,Aguilar,J,A,J,A,J. Aguilar
06:26,06:26:00,13,12,1,1,1,REGULAR,10,C. Standhardinger,1,substitution,85,,,in,0,34,Christian,Standhardinger,Christian,Standhardinger,C,S,C,S,C. Standhardinger
06:26,06:26:00,13,12,1,2,1,REGULAR,16,S. Taylor Jr.,1,foulon,83,82,,,0,23,Steve,Taylor Jr.,Steve,Taylor Jr.,S,T,S,T,S. Taylor Jr.
06:26,06:26:00,13,12,1,1,1,REGULAR,2,J. Aguilar,1,foul,82,,,personal,0,25,Japeth,Aguilar,Japeth,Aguilar,J,A,J,A,J. Aguilar
06:28,06:28:00,13,12,1,2,1,REGULAR,16,S. Taylor Jr.,1,2pt,80,,,layup,1,23,Steve,Taylor Jr.,Steve,Taylor Jr.,S,T,S,T,S. Taylor Jr.
06:29,06:29:00,13,10,3,2,1,REGULAR,16,S. Taylor Jr.,1,rebound,78,77,,offensive,0,23,Steve,Taylor Jr.,Steve,Taylor Jr.,S,T,S,T,S. Taylor Jr.
06:29,06:29:00,13,10,3,2,1,REGULAR,16,S. Taylor Jr.,0,2pt,77,,,layup,1,23,Steve,Taylor Jr.,Steve,Taylor Jr.,S,T,S,T,S. Taylor Jr.
06:41,06:41:00,13,10,3,2,1,REGULAR,6,B. Belga,1,rebound,73,72,,defensive,0,30,Beau,Belga,Beau,Belga,B,B,B,B,B. Belga
06:43,06:43:00,13,10,3,1,1,REGULAR,12,J. Malonzo,0,3pt,72,,,jumpshot,1,3,Jamie,Malonzo,Jamie,Malonzo,J,M,J,M,J. Malonzo
06:49,06:49:00,13,10,3,1,1,REGULAR,7,S. Thompson,1,foulon,70,69,,,0,9,Scottie,Thompson,Scottie,Thompson,S,T,S,T,S. Thompson
06:49,06:49:00,13,10,3,2,1,REGULAR,6,B. Belga,1,foul,69,,,personal,0,30,Beau,Belga,Beau,Belga,B,B,B,B,B. Belga
07:05,07:05:00,13,10,3,2,1,REGULAR,5,G. Norwood,1,assist,67,66,,,0,5,Gabe,Norwood,Gabe,Norwood,G,N,G,N,G. Norwood
07:05,07:05:00,13,10,3,2,1,REGULAR,16,S. Taylor Jr.,1,2pt,66,,,layup,1,23,Steve,Taylor Jr.,Steve,Taylor Jr.,S,T,S,T,S. Taylor Jr.
07:21,07:21:00,13,8,5,1,1,REGULAR,4,S. Pringle,1,2pt,61,,,turnaroundjumpshot,1,11,Stanley Jr.,Pringle,Stanley Jr.,Pringle,S,P,S,P,S. Pringle
07:39,07:39:00,11,8,3,2,1,REGULAR,16,S. Taylor Jr.,1,assist,60,59,,,0,23,Steve,Taylor Jr.,Steve,Taylor Jr.,S,T,S,T,S. Taylor Jr.
07:39,07:39:00,11,8,3,2,1,REGULAR,5,G. Norwood,1,2pt,59,,,jumpshot,1,5,Gabe,Norwood,Gabe,Norwood,G,N,G,N,G. Norwood
08:05,08:05:00,11,6,5,1,1,REGULAR,7,S. Thompson,1,assist,58,57,,,0,9,Scottie,Thompson,Scottie,Thompson,S,T,S,T,S. Thompson
08:05,08:05:00,11,6,5,1,1,REGULAR,2,J. Aguilar,1,2pt,57,,,jumpshot,1,25,Japeth,Aguilar,Japeth,Aguilar,J,A,J,A,J. Aguilar
08:27,08:27:00,9,6,3,2,1,REGULAR,3,N. Torres,1,assist,56,55,,,0,29,Norbert,Torres,Norbert,Torres,N,T,N,T,N. Torres
08:27,08:27:00,9,6,3,2,1,REGULAR,16,S. Taylor Jr.,1,3pt,55,,,jumpshot,1,23,Steve,Taylor Jr.,Steve,Taylor Jr.,S,T,S,T,S. Taylor Jr.
08:40,08:40:00,9,3,6,2,1,REGULAR,16,S. Taylor Jr.,1,rebound,54,53,,defensive,0,23,Steve,Taylor Jr.,Steve,Taylor Jr.,S,T,S,T,S. Taylor Jr.
08:43,08:43:00,9,3,6,1,1,REGULAR,8,J. Brownlee,0,2pt,53,,,jumpshot,1,32,Justin,Brownlee,Justin,Brownlee,J,B,J,B,J. Brownlee
09:00,09:00:00,9,3,6,2,1,REGULAR,5,G. Norwood,1,turnover,51,,,badpass,0,5,Gabe,Norwood,Gabe,Norwood,G,N,G,N,G. Norwood
09:02,09:02:00,9,3,6,2,1,REGULAR,4,R. Nambatac,1,rebound,49,48,,defensive,0,27,Rey,Nambatac,Rey,Nambatac,R,N,R,N,R. Nambatac
09:04,09:04:00,9,3,6,1,1,REGULAR,8,J. Brownlee,0,3pt,48,,,jumpshot,1,32,Justin,Brownlee,Justin,Brownlee,J,B,J,B,J. Brownlee
09:29,09:29:00,9,3,6,1,1,REGULAR,12,J. Malonzo,1,foulon,46,45,,,0,3,Jamie,Malonzo,Jamie,Malonzo,J,M,J,M,J. Malonzo
09:29,09:29:00,9,3,6,2,1,REGULAR,3,N. Torres,1,foul,45,,,personal,0,29,Norbert,Torres,Norbert,Torres,N,T,N,T,N. Torres
09:29,09:29:00,9,3,6,1,1,REGULAR,0,,1,rebound,44,41,,defensive,0,,NA,NA,NA,NA,NA,NA,NA,NA,NA
09:30,09:30:00,9,3,6,2,1,REGULAR,5,G. Norwood,0,2pt,41,,,floatingjumpshot,1,5,Gabe,Norwood,Gabe,Norwood,G,N,G,N,G. Norwood
09:35,09:35:00,9,3,6,2,1,REGULAR,0,,1,timeout,37,,,full,0,,NA,NA,NA,NA,NA,NA,NA,NA,NA
09:37,09:37:00,9,3,6,1,1,REGULAR,12,J. Malonzo,1,steal,38,32,,,0,3,Jamie,Malonzo,Jamie,Malonzo,J,M,J,M,J. Malonzo
09:37,09:37:00,9,3,6,1,1,REGULAR,12,J. Malonzo,1,assist,36,34,,,0,3,Jamie,Malonzo,Jamie,Malonzo,J,M,J,M,J. Malonzo
09:37,09:37:00,9,3,6,1,1,REGULAR,2,J. Aguilar,1,2pt,34,,,drivinglayup,1,25,Japeth,Aguilar,Japeth,Aguilar,J,A,J,A,J. Aguilar
09:37,09:37:00,7,3,4,2,1,REGULAR,3,N. Torres,1,turnover,32,,,ballhandling,0,29,Norbert,Torres,Norbert,Torres,N,T,N,T,N. Torres
09:37,09:37:00,7,3,4,2,1,REGULAR,3,N. Torres,1,rebound,31,28,,offensive,0,29,Norbert,Torres,Norbert,Torres,N,T,N,T,N. Torres
09:38,09:38:00,7,3,4,1,1,REGULAR,12,J. Malonzo,1,block,30,28,,,0,3,Jamie,Malonzo,Jamie,Malonzo,J,M,J,M,J. Malonzo
09:38,09:38:00,7,3,4,2,1,REGULAR,3,N. Torres,0,2pt,28,,,layup,1,29,Norbert,Torres,Norbert,Torres,N,T,N,T,N. Torres
09:43,09:43:00,7,3,4,2,1,REGULAR,3,N. Torres,1,rebound,26,25,,offensive,0,29,Norbert,Torres,Norbert,Torres,N,T,N,T,N. Torres
09:46,09:46:00,7,3,4,2,1,REGULAR,4,R. Nambatac,0,2pt,25,,,layup,1,27,Rey,Nambatac,Rey,Nambatac,R,N,R,N,R. Nambatac
10:12,10:12:00,7,3,4,1,1,REGULAR,8,J. Brownlee,1,assist,24,23,,,0,32,Justin,Brownlee,Justin,Brownlee,J,B,J,B,J. Brownlee
10:12,10:12:00,7,3,4,1,1,REGULAR,12,J. Malonzo,1,2pt,23,,,jumpshot,1,3,Jamie,Malonzo,Jamie,Malonzo,J,M,J,M,J. Malonzo
10:32,10:32:00,5,3,2,2,1,REGULAR,6,B. Belga,1,assist,22,21,,,0,30,Beau,Belga,Beau,Belga,B,B,B,B,B. Belga
10:32,10:32:00,5,3,2,2,1,REGULAR,16,S. Taylor Jr.,1,2pt,21,,,drivinglayup,1,23,Steve,Taylor Jr.,Steve,Taylor Jr.,S,T,S,T,S. Taylor Jr.
10:50,10:50:00,5,1,4,1,1,REGULAR,2,J. Aguilar,1,assist,20,19,,,0,25,Japeth,Aguilar,Japeth,Aguilar,J,A,J,A,J. Aguilar
10:50,10:50:00,5,1,4,1,1,REGULAR,4,S. Pringle,1,3pt,19,,,jumpshot,1,11,Stanley Jr.,Pringle,Stanley Jr.,Pringle,S,P,S,P,S. Pringle
11:03,11:03:00,2,1,1,1,1,REGULAR,4,S. Pringle,1,rebound,18,17,,defensive,0,11,Stanley Jr.,Pringle,Stanley Jr.,Pringle,S,P,S,P,S. Pringle
11:05,11:05:00,2,1,1,2,1,REGULAR,16,S. Taylor Jr.,0,2pt,17,,,jumpshot,1,23,Steve,Taylor Jr.,Steve,Taylor Jr.,S,T,S,T,S. Taylor Jr.
11:26,11:26:00,2,1,1,1,1,REGULAR,2,J. Aguilar,1,2pt,16,,,pullupjumpshot,1,25,Japeth,Aguilar,Japeth,Aguilar,J,A,J,A,J. Aguilar
11:35,11:35:00,0,1,-1,1,1,REGULAR,8,J. Brownlee,1,rebound,15,13,,defensive,0,32,Justin,Brownlee,Justin,Brownlee,J,B,J,B,J. Brownlee
11:35,11:35:00,0,1,-1,2,1,REGULAR,16,S. Taylor Jr.,0,freethrow,13,,,2of2,1,23,Steve,Taylor Jr.,Steve,Taylor Jr.,S,T,S,T,S. Taylor Jr.
11:35,11:35:00,0,1,-1,2,1,REGULAR,16,S. Taylor Jr.,1,freethrow,12,,,1of2,1,23,Steve,Taylor Jr.,Steve,Taylor Jr.,S,T,S,T,S. Taylor Jr.
11:35,11:35:00,0,0,0,2,1,REGULAR,16,S. Taylor Jr.,1,foulon,11,10,,,0,23,Steve,Taylor Jr.,Steve,Taylor Jr.,S,T,S,T,S. Taylor Jr.
11:35,11:35:00,0,0,0,1,1,REGULAR,2,J. Aguilar,1,foul,10,,,personal,0,25,Japeth,Aguilar,Japeth,Aguilar,J,A,J,A,J. Aguilar
11:48,11:48:00,0,0,0,2,1,REGULAR,16,S. Taylor Jr.,1,steal,8,7,,,0,23,Steve,Taylor Jr.,Steve,Taylor Jr.,S,T,S,T,S. Taylor Jr.
11:48,11:48:00,0,0,0,1,1,REGULAR,8,J. Brownlee,1,turnover,7,,,badpass,0,32,Justin,Brownlee,Justin,Brownlee,J,B,J,B,J. Brownlee
11:59,11:59:00,0,0,0,2,1,REGULAR,3,N. Torres,1,jumpball,6,4,,lost,0,29,Norbert,Torres,Norbert,Torres,N,T,N,T,N. Torres
11:59,11:59:00,0,0,0,1,1,REGULAR,2,J. Aguilar,1,jumpball,5,4,,won,0,25,Japeth,Aguilar,Japeth,Aguilar,J,A,J,A,J. Aguilar
12:00,12:00:00,0,0,0,0,1,REGULAR,0,,1,jumpball,4,,,startperiod,0,,NA,NA,NA,NA,NA,NA,NA,NA,NA
12:00,12:00:00,0,0,0,0,1,REGULAR,0,,1,period,2,,,start,0,,NA,NA,NA,NA,NA,NA,NA,NA,NA
12:00,12:00:00,0,0,0,0,1,REGULAR,0,,1,game,1,,,start,0,,NA,NA,NA,NA,NA,NA,NA,NA,NA
